Round 1| RHF : 1.01193B[0] norm : 199.414
B[0] : [-25 24 -17 -6 27 -13 -1 16 -6 10 37 35 -2 15 15 20 -14 -11 -14 25 6 4 16 -14 5 18 -9 22 5 -17 0 13 -7 9 29 -15 30 30 -28 -27 5 -18 7 -3 34 -8 -19 -1 9 -4 25 -8 -16 -16 19 -22 -16 22 4 -7 -16 -8 0 15 -2 -14 -21 2 -13 15 2 -29 6 12 -28 9 -11 -3 -17 6 17 -18 -12 -5 14 17 -1 21 -12 -18 6 23 -1 5 -10 53 17 -12 4 -25 22 38 -16 21 -8 9 -18 8 18 -29 -3 5 61 1 0 -6 11 -31 14 -10 -7 14 0 -5 12 3 11 13 8 1 -7 -4]
Round 2| RHF : 1.0123B[0] norm : 194.131
B[0] : [-2 -13 13 -22 43 12 -9 5 -11 -49 8 9 25 -18 12 -7 -2 11 -17 -10 11 -36 -8 -31 9 20 17 -10 -3 -7 4 6 12 -18 10 -16 -8 -2 28 18 6 -10 -28 30 -12 -1 33 22 -16 -23 8 -3 17 14 -7 -32 -36 -20 -23 15 17 4 -8 5 -15 10 -6 0 25 -9 0 24 -13 32 14 -2 1 26 -10 0 -6 8 -14 10 -5 -10 -23 17 -1 -32 -34 -20 -2 -33 -11 6 7 -9 -8 0 -4 -14 4 5 -10 1 1 -8 -5 7 -6 3 -35 14 17 -4 34 -33 -8 11 14 -28 7 1 -15 -15 -21 10 -11 2 -11 9]
Round 3| RHF : 1.0125B[0] norm : 206.012
B[0] : [-1 12 -22 -21 -30 12 18 -19 12 17 -26 -21 -5 22 7 -7 -26 8 -21 -21 1 -6 -28 -32 0 -5 -12 -32 -19 -5 13 -23 -7 -10 27 -20 9 9 12 -9 -40 19 -15 10 -17 -5 25 -22 -1 18 -11 -25 2 -24 35 -12 -16 -7 -15 12 4 2 -1 10 -15 5 18 -2 2 -16 19 33 4 1 9 1 -21 -6 -35 -20 -16 -1 11 10 -32 12 -18 25 17 -23 -9 -15 -7 28 4 -28 7 13 -11 -2 10 -10 23 21 -29 -3 12 -6 -6 -29 -49 5 21 -26 13 -15 -9 19 15 -1 8 -44 3 -8 -30 16 9 22 -14 26 4 -2]
Round 4| RHF : 1.01295B[0] norm : 200.305
B[0] : [6 17 -1 7 0 -18 -2 4 3 1 -7 27 3 51 -6 -29 -38 10 -19 -13 -24 21 -5 -2 -21 -19 17 -24 11 -2 -2 11 7 6 4 -8 2 21 28 31 4 -11 -1 -1 38 -40 25 -12 -33 23 22 -14 -32 -22 -1 -7 5 27 -13 -6 3 -2 -28 -7 10 10 3 9 4 0 -21 9 -3 -8 -26 -16 25 -19 -10 8 0 13 -18 -4 22 -1 -9 12 -3 -19 -2 7 13 -13 -6 -43 -22 -10 -4 1 -5 8 3 -9 -1 -3 10 -7 -8 14 -11 13 15 13 27 1 -34 6 4 -25 -26 -12 6 -27 -20 -23 28 -12 -41 13 4 39]
Round 5| RHF : 1.01329B[0] norm : 199.354
B[0] : [10 -14 -30 -13 -14 8 14 -9 -3 27 -16 19 2 -28 23 3 -13 22 -1 0 -4 -15 -32 21 3 -29 5 34 29 -18 -4 -12 -13 32 8 41 1 -30 -6 -1 6 15 -4 9 23 5 7 -2 -8 -24 -24 -10 -15 0 25 14 -12 2 23 41 -12 2 27 -15 32 1 4 -14 17 36 18 39 20 1 26 6 7 12 -5 19 11 -21 -4 -8 9 -5 -1 -17 2 -2 14 5 -23 19 33 28 -12 10 -7 26 27 2 -9 -5 20 2 -15 4 14 13 -43 16 -20 6 -6 -24 -4 8 20 -16 -5 -5 -10 4 -24 2 1 2 2 -1 12 -28]
Round 6| RHF : 1.01292B[0] norm : 196.329
B[0] : [-20 14 -13 -23 -2 -1 -37 -26 -6 -30 1 -14 -27 -17 -10 -8 4 27 35 16 -3 30 24 -25 -13 -25 -29 -21 -17 -13 -6 13 26 -10 -9 -20 -17 11 -10 -17 7 -5 -8 23 -7 4 4 20 -15 -2 -7 -11 -5 -17 -25 6 -13 9 11 0 -6 1 40 -18 8 17 -42 13 -17 -9 -8 -17 4 2 2 11 28 -24 20 2 -16 -23 -3 -10 -19 -6 -11 33 9 4 0 -18 -2 17 16 16 -4 -31 -12 7 -18 7 25 -26 6 21 33 -13 -8 6 -9 -6 -10 15 10 5 -34 -18 -11 -13 -5 11 -2 -25 9 -24 -9 -13 14 20 -31 -1]
Round 7| RHF : 1.01335B[0] norm : 214.182
B[0] : [-31 2 -3 6 32 13 6 15 -22 14 -3 9 -23 3 -54 -36 -13 8 -11 -9 -25 -9 42 40 1 17 -21 26 13 -13 -10 -15 11 -13 -10 4 -8 -22 8 -22 6 7 -18 0 -10 10 10 -12 -14 25 13 -7 15 22 -8 -23 1 6 -9 -5 1 -2 40 -27 -10 -2 1 -11 35 6 -6 7 39 -8 15 -27 13 -14 -7 13 1 3 -15 11 -15 16 18 5 22 -27 -18 10 25 -35 8 -7 -9 -24 0 15 -1 0 9 17 8 -7 25 -25 -21 11 18 0 -28 -7 -61 40 -3 10 -32 13 17 -35 16 -10 13 -11 3 -13 -13 5 -34 4]
Round 8| RHF : 1.01379B[0] norm : 202.326
B[0] : [-15 41 -4 14 -11 7 2 -7 6 -24 18 -12 -4 -2 22 -5 21 2 28 5 36 4 15 -15 -9 0 -3 -6 -12 9 -12 -13 -4 -41 -14 -22 -15 -15 18 -63 14 9 4 -8 -6 -4 4 -23 0 -4 -25 -5 11 -6 3 2 -9 6 -2 18 -5 -33 1 -6 -3 13 5 -9 -3 -14 4 1 4 6 1 -1 -19 12 19 -5 29 -6 38 4 18 21 4 -37 -22 47 5 8 -7 -48 5 25 1 1 31 -19 -20 -7 15 -10 5 10 11 -41 -1 -3 -45 -15 -36 0 2 7 14 0 26 -8 -6 9 23 -8 -31 5 -16 -3 -1 -16 -17 0]
Round 9| RHF : 1.01324B[0] norm : 185.076
B[0] : [14 16 -10 -3 -2 23 9 -27 20 23 -5 -15 -15 -29 -1 25 7 -15 8 -5 -17 -30 20 16 0 -5 -8 -5 -16 -9 0 -5 6 12 -7 -13 -21 1 33 -11 -10 -24 -3 6 31 -12 -30 3 12 5 -2 -1 19 0 3 48 21 -7 -25 28 -23 -9 -8 8 -4 -27 8 -4 -2 -10 5 17 -6 -6 10 31 -2 -2 -2 -3 -2 -24 -1 5 2 -14 8 2 -20 11 -29 13 4 12 -20 -2 -7 -12 -5 -21 2 -23 26 -2 -1 15 35 6 -23 -13 26 -20 1 -11 -10 -16 14 -16 3 8 21 -12 8 -22 25 2 -3 2 -29 -14 29 -37]
Round 10| RHF : 1.01292B[0] norm : 191.063
B[0] : [-26 2 1 1 5 14 -26 -3 10 11 7 -34 9 -38 -12 -4 22 -13 -23 11 13 -3 -1 -4 -5 -8 5 15 11 -17 -4 15 -16 -4 2 18 26 -19 8 2 28 -34 -6 -17 21 -1 30 6 13 9 -18 10 -7 17 28 -12 31 15 -12 11 -17 -10 -3 34 10 -6 -1 -5 6 22 -19 35 8 34 -8 -1 5 27 5 1 -22 15 -21 8 32 13 -12 5 23 9 -3 -5 24 22 30 5 -14 17 20 5 24 -15 -6 -2 10 -10 -24 -13 2 21 -17 15 -4 -17 8 -38 3 8 -11 -13 -2 21 25 8 -7 -27 7 -25 -7 -21 -18 16]
Round 11| RHF : 1.01309B[0] norm : 194.183
B[0] : [0 -31 0 18 -2 4 8 -9 3 -2 -2 9 -4 -3 14 -13 16 -18 17 -3 -13 -26 9 -30 -7 13 -21 24 10 10 23 -19 26 4 20 14 -6 -7 -10 23 -11 -16 -6 -11 -9 6 7 17 38 -26 -15 20 -4 23 -29 22 9 5 2 -4 7 -23 1 6 -8 16 43 -5 -9 38 16 23 13 -16 -19 17 -17 -22 8 3 37 -27 -15 -30 -14 -20 33 -3 1 13 20 14 26 -31 0 -22 -23 3 -13 -7 1 -15 -15 -24 -30 -12 0 6 3 -6 -4 -24 -11 35 20 -22 -27 -7 2 12 11 2 15 -15 3 3 28 1 -5 5 4 -8]
Round 12| RHF : 1.01237B[0] norm : 183.333
B[0] : [10 -7 2 -13 31 -3 20 29 -11 -1 4 -7 -32 -48 12 -16 -18 1 5 24 -4 4 6 16 -18 -12 -11 -3 2 -31 9 -20 -37 5 9 2 21 -27 -17 -17 -23 2 12 -4 -1 0 28 14 11 18 -11 -3 -15 -24 -5 -6 -26 13 -13 -8 11 -9 11 -13 20 9 17 -1 -1 12 -3 15 7 0 -30 -22 1 -7 8 -14 -8 14 -24 -6 12 -8 -28 -9 14 -3 -12 -25 3 -2 21 -18 -13 7 -4 3 15 -9 27 -13 7 -17 -17 3 -5 34 -7 -5 16 12 -17 -11 -17 -1 -20 1 35 4 8 -8 22 -4 -33 9 32 -12 15 10]
Round 13| RHF : 1.01271B[0] norm : 202.443
B[0] : [42 -41 -3 18 -9 28 -10 -19 -13 18 -13 -9 -42 -10 2 -13 -40 -7 9 5 23 49 -9 1 -37 30 10 1 -33 -22 4 -20 -12 7 -22 25 8 -12 17 16 5 2 9 -26 15 -11 -9 -27 7 -2 6 27 1 10 -8 5 9 1 -26 23 19 -15 6 15 -1 -1 -21 15 3 8 -4 11 -9 -2 -4 9 15 -4 -4 -4 17 39 17 0 -9 -34 24 5 3 11 -31 -32 22 -9 7 -10 6 8 9 -9 -3 15 -12 10 34 -15 -23 -3 13 -9 10 16 20 -22 -20 16 -13 -15 -2 -12 17 -6 -14 -5 2 3 14 -40 7 -10 -10 -28]
Round 14| RHF : 1.0118B[0] norm : 176.111
B[0] : [-25 -7 19 -7 21 -22 3 8 1 -2 11 19 3 -20 13 -16 10 -15 29 8 -6 8 -16 -23 2 11 10 -15 21 15 0 -29 -8 -11 20 -7 -5 21 -15 -9 -7 -17 34 -6 3 -20 9 -1 -19 12 18 4 13 21 -15 21 -1 -5 -14 -14 4 -3 10 -15 -58 -10 23 -22 -14 -5 9 2 -1 6 8 -1 12 23 23 -13 6 -16 10 -25 0 -21 -21 6 7 -24 -17 6 11 2 -7 4 -16 12 15 10 -25 -2 19 4 21 2 -2 10 27 -16 -23 -2 0 3 11 -19 4 4 -15 -1 -9 19 15 24 -21 15 -9 4 -3 19 3 -31]
Round 15| RHF : 1.01266B[0] norm : 200.636
B[0] : [17 6 24 -11 1 -22 -15 20 6 -31 12 12 31 9 42 12 -22 25 -2 -21 -15 19 26 -9 5 -19 36 20 -21 21 -18 -4 1 0 17 12 5 -25 -2 22 -11 -16 5 3 3 19 -15 -8 -12 8 2 17 -1 -12 -16 17 37 -2 -11 -10 -5 6 2 -9 21 6 -38 11 6 3 -10 5 -17 25 23 -18 15 -29 5 0 22 -17 -13 12 26 -20 3 -6 -16 10 -7 -8 -10 15 16 6 -15 43 -18 -12 9 -15 -8 22 16 22 7 18 2 21 -51 -16 16 -23 -18 6 34 -11 -2 -29 8 -17 -3 -7 -1 3 11 22 3 -19 -11 -34]
Round 16| RHF : 1.01222B[0] norm : 191.883
B[0] : [-17 7 -12 -24 19 -4 -30 -4 23 0 -3 14 2 13 4 5 -15 -15 5 9 -2 -20 11 24 -43 -5 -19 0 11 -13 35 18 -1 -34 9 13 10 -26 -24 9 49 -23 17 16 7 18 1 -35 -7 21 -9 3 -1 17 3 16 -19 -25 -15 14 -1 26 22 -9 -7 26 3 24 -1 -2 -6 -29 4 2 24 3 6 0 6 -2 19 36 15 9 27 -15 9 -13 -19 -7 7 -15 -22 -4 1 2 -21 -7 5 5 -14 -5 -22 29 17 -25 16 7 9 -7 18 1 -9 12 12 11 -7 -7 -4 -18 -6 -14 -5 -1 20 -5 34 9 15 27 36 -2]
Round 17| RHF : 1.01327B[0] norm : 194.247
B[0] : [5 -7 11 3 1 -3 -17 -17 4 -12 -8 15 -24 33 -29 -11 -1 5 11 -20 9 34 0 43 1 20 33 -21 12 -3 2 -6 -7 47 -9 -8 27 -23 31 -14 -2 7 5 10 -11 -23 29 2 36 3 -10 4 13 0 16 1 -15 7 25 21 -4 6 14 -14 -18 14 4 7 20 17 -7 -2 14 -24 -28 -1 27 9 6 -15 3 -4 11 7 11 6 22 -37 9 19 -16 22 -16 3 22 -11 39 13 -16 0 28 24 24 3 -16 -13 -6 -45 24 4 -22 2 -6 -23 8 -12 -1 5 19 13 9 5 -11 3 -13 15 -7 -9 9 11 -4 3]
Round 18| RHF : 1.01153B[0] norm : 187.31
B[0] : [7 -23 3 10 -22 -22 4 -5 45 -6 1 13 16 0 -10 -25 12 -20 -22 2 0 -42 16 -20 15 3 9 -22 -5 1 3 11 3 42 17 22 14 -1 -15 14 42 25 -2 2 -23 37 5 31 17 15 6 11 6 7 -10 13 20 -27 -1 -16 12 2 12 -15 -9 -4 2 -17 20 22 -3 -11 -3 -17 15 3 -12 11 39 -46 -1 6 -27 15 4 -12 17 1 -29 7 -20 21 -13 -5 11 -1 11 -11 -15 -8 -1 -14 -3 12 3 -16 12 -6 6 -7 -7 12 19 16 -29 9 -26 14 11 3 17 3 -9 -6 -4 -4 -9 3 -5 -2 -18 -6]
Round 19| RHF : 1.01211B[0] norm : 189.452
B[0] : [13 -32 25 7 9 -1 -15 -1 -4 5 3 17 -17 19 34 -1 26 -12 13 33 -27 19 18 9 -1 -15 18 10 22 24 5 3 -5 31 -1 -31 -6 5 7 6 6 -29 -36 23 -31 14 29 11 8 2 12 6 -33 -19 -9 -1 -24 6 8 0 -23 1 -8 29 2 -25 -9 -2 -18 5 -15 31 6 5 -6 2 22 -8 2 10 10 2 4 -29 -11 -14 23 2 -19 2 13 32 -24 -3 12 0 0 -17 -4 6 -4 -21 10 19 1 6 22 15 6 -4 -1 7 -1 10 -16 -7 2 34 0 28 -4 -35 2 36 3 -16 -22 -1 -8 6 20 -10]
Round 20| RHF : 1.01226B[0] norm : 174.582
B[0] : [-37 -11 -3 -23 0 7 -3 -24 -10 -3 6 20 6 -7 -23 -7 17 4 15 2 6 22 19 11 15 31 -5 -3 -4 20 12 15 23 -6 -23 -21 -29 15 -7 8 41 -19 22 -5 3 3 27 -8 -8 -9 -11 -2 3 5 1 19 -3 4 -13 21 6 7 9 -9 14 1 -15 -31 21 -7 -17 11 -19 17 3 -7 -4 12 -15 -20 -1 -23 -9 3 -2 -21 4 8 4 9 20 21 20 -4 8 -11 -39 -18 23 19 11 -7 -1 6 6 10 8 11 1 14 15 -12 6 -15 6 4 -15 -33 29 -6 7 12 -9 -9 -4 -21 18 7 -19 -14 -3 -30]
Round 21| RHF : 1.01246B[0] norm : 197.041
B[0] : [-7 6 8 3 5 -27 17 -1 61 13 -19 27 -17 -9 15 11 -21 12 -2 -5 -11 33 21 -22 -8 -25 -16 -41 13 4 -13 0 -12 -14 5 13 3 -7 -8 13 0 1 17 -22 -8 -16 1 6 7 33 2 -9 9 -14 -13 -11 19 0 -8 14 12 12 -40 3 -9 18 -2 34 13 6 -21 5 -16 -6 5 12 16 -31 -2 2 -38 -29 -22 6 0 1 -8 12 -3 3 -11 -15 7 1 14 0 -2 -6 -25 -20 26 -12 9 30 -22 -22 -32 14 28 -5 19 12 -1 15 9 12 -4 12 -7 12 -7 -17 -48 -13 29 -15 -22 5 -27 7 -6 -4]
Round 22| RHF : 1.01247B[0] norm : 195.929
B[0] : [-16 7 18 -20 -11 7 7 -18 9 4 -2 6 -13 42 -17 -19 6 11 -17 13 2 1 -31 29 17 6 0 -16 -21 -9 11 25 18 -31 33 -18 -21 -11 18 6 2 28 41 10 10 -7 0 -13 -2 -8 20 -9 4 7 5 -5 -25 -39 -11 0 -16 32 2 -13 3 -43 1 24 5 -13 6 6 -6 -5 -17 25 -38 -4 26 2 1 8 11 3 9 -5 -10 -27 10 -8 7 -42 -14 4 -7 -3 -1 -6 0 9 25 17 -5 13 30 -11 5 -3 -5 30 11 14 -10 -15 -2 -7 1 22 -7 -6 -8 9 36 -22 1 30 17 32 11 7 0 31]
Round 23| RHF : 1.01216B[0] norm : 198.341
B[0] : [-22 -8 -7 3 16 3 -29 4 -14 13 0 11 38 -27 -12 -19 -10 -31 14 4 22 -37 11 14 9 5 -5 6 14 20 42 5 10 14 -14 -25 -13 -10 9 4 15 -21 12 -7 -32 -3 -13 -16 3 -26 15 26 31 0 35 21 6 -8 10 14 6 -16 12 -29 13 -15 -21 -43 19 -12 16 23 -33 -21 -5 -7 -5 -14 34 -12 -20 -13 -18 13 -8 20 -13 -45 29 -10 19 0 12 -21 14 7 -20 -1 9 8 -12 -29 -1 -1 12 0 8 12 6 -22 -27 -3 -8 -17 -14 -8 -7 -18 -1 -4 22 -10 -12 -4 -14 -1 1 1 1 -22 -4 -15]
Round 24| RHF : 1.01256B[0] norm : 195.786
B[0] : [-15 -17 -5 -10 16 -10 13 5 -3 4 18 -3 -16 -4 -9 -4 40 4 19 -1 8 13 -10 26 8 11 -3 -3 14 -16 7 -2 -21 -6 32 -38 24 -35 5 -10 21 4 -1 4 -32 -10 15 -19 14 13 -30 -3 2 13 8 -40 -12 27 12 9 20 -21 -22 9 37 -12 40 23 -4 -17 -5 -27 -10 2 31 11 -8 -5 -2 -2 9 1 -16 3 5 22 -5 -9 -5 -7 -7 0 20 -8 9 12 -15 19 -25 31 12 -12 -11 2 17 3 2 2 -23 16 33 41 -11 -2 16 -6 18 9 6 -13 -21 -10 18 -30 -27 0 14 20 -21 2 31 18]
Round 25| RHF : 1.01279B[0] norm : 190.089
B[0] : [-4 -4 11 -12 -49 -15 -6 -14 -12 -3 8 12 -28 -14 -6 16 1 -8 -3 -7 18 7 1 6 25 9 34 -10 2 -6 27 -1 3 -1 18 14 3 -40 -22 26 -6 14 -13 1 17 -2 -29 2 4 -28 39 -21 12 19 4 12 37 -29 -12 -25 -22 3 -11 9 18 25 5 3 11 38 27 21 15 18 -21 34 3 8 -1 5 4 -18 10 -4 10 -6 12 5 9 14 -9 -1 1 1 -15 -1 13 17 20 -13 -2 27 0 -3 -3 -22 -5 5 3 -2 -38 -4 -3 -37 0 -11 16 -6 11 11 15 4 10 -13 -22 -24 -6 -3 4 36 2 9]
Round 26| RHF : 1.01298B[0] norm : 206.973
B[0] : [-39 5 -34 8 -11 -26 -30 -15 24 19 -8 -30 17 15 -27 -14 29 4 -8 -1 -4 0 -15 -11 -8 22 -6 9 22 -9 -9 29 -14 -10 -8 4 5 -19 26 3 9 -5 -2 -18 -33 31 16 -7 -9 -41 9 -29 -52 9 6 -34 -5 3 12 3 15 -41 -14 -1 -3 2 22 4 -12 -24 -37 19 -26 -2 -8 14 18 21 17 -6 12 20 -15 -24 -14 19 6 -4 0 -17 -6 10 -7 -20 -4 12 -40 4 -4 -11 -4 -16 -10 -12 -1 7 -9 -9 -3 51 19 3 -8 -1 -8 -11 2 -33 -4 -2 -4 -8 0 -11 -23 0 -6 9 -39 2 -31 7]
Round 27| RHF : 1.01201B[0] norm : 190.05
B[0] : [-32 11 25 5 -7 -15 -10 -20 10 0 6 -8 17 12 27 47 3 5 -19 3 -13 12 -10 -6 -9 1 9 -1 -2 8 23 -5 -1 33 35 1 -1 2 -14 4 -26 29 14 6 -1 6 -9 1 14 -14 0 -39 -3 -16 5 -13 23 10 10 7 7 -8 -2 -14 -16 3 -7 6 -15 -17 -15 -18 -25 1 7 10 26 -18 40 -20 6 -5 -13 27 0 -11 29 5 4 -10 20 5 3 9 -16 -5 2 4 -28 -2 -31 7 6 -2 -1 22 -8 11 -29 25 -32 -3 -8 13 -50 13 22 15 15 12 -17 -24 -3 1 -10 9 9 12 -3 40 -22 7]
Round 28| RHF : 1.01319B[0] norm : 193.972
B[0] : [5 -8 -8 -28 22 -40 9 -23 12 8 -9 32 4 -24 23 -1 14 -20 15 12 25 8 -9 -9 -14 11 19 -15 -6 -1 2 15 22 -4 -22 -24 -7 8 -3 3 31 35 21 -10 -2 4 -11 13 -8 -8 39 -15 29 -8 -18 -30 -16 18 26 -12 -2 -17 -17 7 -5 -10 -16 37 12 20 14 5 5 -17 10 -7 -32 -4 11 -20 20 12 17 -13 7 3 1 11 3 -35 -27 -5 2 -4 -2 34 -2 -21 -8 -11 -19 25 1 33 17 2 -25 -13 -8 -1 19 20 -22 7 14 -36 19 13 -16 -19 -7 -4 -3 -3 17 -2 12 7 -13 -12 -9 -13]
Round 29| RHF : 1.01373B[0] norm : 199.985
B[0] : [21 -23 -37 -20 -26 4 -43 -1 -32 15 11 -13 19 -4 16 25 12 -30 -8 5 -18 6 4 2 24 5 -10 39 6 34 -11 -24 -5 11 -15 -40 -14 -6 9 -3 -36 8 -17 -18 2 15 11 7 -17 -15 17 -16 -3 0 15 -32 7 -9 -20 -5 -14 9 13 36 2 1 -4 0 -26 -4 -4 -7 6 -23 -10 16 19 14 5 30 2 11 9 -7 2 10 -19 -11 25 -13 -23 21 15 -20 -6 9 22 20 1 -30 16 -12 16 11 24 -22 -13 -7 -27 -10 0 -1 25 -9 5 -15 -1 -15 -24 0 -15 35 2 17 -11 -15 9 20 -7 -27 -15 -22]
Round 30| RHF : 1.01397B[0] norm : 211.908
B[0] : [7 6 -6 -16 30 -1 -13 -12 -11 -2 -22 -23 -12 3 16 27 0 5 -36 -7 -1 7 10 -24 24 -17 -13 7 19 18 -15 22 3 -6 8 -25 -7 -25 -11 -28 4 12 -10 -29 20 -10 16 0 1 -24 -11 17 -14 -8 -1 1 -25 -21 -4 -22 7 9 -25 -3 24 29 -19 21 32 -17 -14 -9 -3 9 -23 -1 12 19 39 -8 2 -3 36 -18 -15 -10 -13 -27 25 27 -10 -31 14 3 7 8 1 21 -4 12 -12 -5 -8 -29 -49 26 -17 8 12 -23 1 -10 20 32 -19 -48 -7 -37 -20 17 -3 -5 27 -1 25 9 17 -34 28 2 10 27]
Round 31| RHF : 1.01195B[0] norm : 196.082
B[0] : [-27 -9 3 -7 -2 21 0 1 -27 -51 -5 9 3 0 0 1 -14 18 47 -13 2 -4 9 4 -9 -31 -25 -24 11 -14 -7 -15 16 15 4 -10 2 -24 -9 -8 -11 11 10 -5 8 21 25 -22 10 -17 -10 -4 11 0 -16 -44 0 -3 3 -19 -13 -11 -9 -22 -9 19 -4 12 19 20 -37 -20 -15 -13 -2 6 -17 16 -1 3 30 15 -2 -23 -7 -1 -11 18 -2 -26 -15 14 -37 0 -1 -37 14 5 4 34 30 8 -9 -20 13 -25 0 -28 -11 -8 -2 -1 -6 20 -5 27 -22 -4 -3 16 3 -22 -4 -8 20 -17 -16 -29 20 5 8 31]
Round 32| RHF : 1.01199B[0] norm : 192.193
B[0] : [3 -23 9 4 -15 0 5 -4 13 19 -3 5 -47 -30 4 5 18 6 19 -49 23 -2 28 -8 10 13 9 24 4 -30 -15 1 -10 14 -13 33 -12 -16 7 4 7 23 -7 21 -2 -16 4 -2 4 -19 -9 -11 -28 22 9 -19 26 -19 32 5 -7 10 4 -24 -2 -5 22 -29 19 25 -6 36 -12 -9 4 28 -12 -28 -31 -4 31 -18 13 3 -20 13 -19 13 -20 -14 9 0 -12 -26 10 2 16 8 1 6 37 -6 12 -11 7 -6 17 -25 -9 17 -22 -18 9 7 19 3 1 8 -14 4 -9 1 19 -16 6 4 5 7 -7 12 -8 -21]
Round 33| RHF : 1.01249B[0] norm : 198.421
B[0] : [-18 -2 30 5 6 33 29 24 -10 22 0 -9 2 -11 -1 -5 -23 -27 -18 24 8 25 -4 -6 24 -4 -1 -12 38 7 32 0 -5 8 -9 6 -4 5 -5 -11 -3 10 -8 -28 -23 -8 -3 -2 12 -19 -12 18 23 13 2 -2 -22 -4 -7 -19 49 14 22 9 -1 14 -18 4 15 -1 -2 -11 2 0 -27 2 0 -14 0 25 -29 22 -3 -33 12 -2 -11 -13 -36 1 0 17 -28 -12 30 18 46 -23 15 15 6 34 8 30 -4 5 -9 30 -10 -20 0 -28 13 -7 -1 -12 25 7 6 -17 20 -28 0 -6 -35 -9 4 -13 8 -4 -9 -8]
Round 34| RHF : 1.01329B[0] norm : 199.392
B[0] : [15 13 -14 -7 -3 22 2 -4 -16 22 6 13 -8 7 -42 -6 -24 -37 13 22 27 3 5 9 -7 -6 -9 -12 10 -21 5 -7 20 0 -10 -17 8 11 9 7 -5 22 5 -49 -7 -24 -12 10 6 -5 -28 3 15 -12 -20 12 -22 -15 6 26 8 -18 9 -1 -18 12 44 -2 -6 4 0 -13 -12 -38 26 -25 20 -4 -2 0 0 1 -17 11 -4 -7 7 33 20 14 8 -8 -2 -5 8 -3 11 5 12 43 10 -31 -16 -21 -27 10 -36 -22 -6 18 -38 0 2 -8 5 -2 16 5 19 -18 -1 -7 -24 18 15 1 57 7 18 -12 0 11]
Round 35| RHF : 1.01348B[0] norm : 202.926
B[0] : [9 9 19 6 4 -4 16 34 -46 1 -4 -26 9 16 -14 14 8 2 10 24 8 -20 15 0 9 22 18 26 14 -2 20 -9 6 -24 -15 22 -24 16 6 -23 5 8 51 1 -10 -15 -2 5 6 -1 3 20 7 19 -3 -7 31 -5 6 -16 28 -3 -15 6 4 -15 19 17 -17 17 -20 -6 -71 10 -10 24 -3 23 24 2 10 -23 8 16 3 -7 1 22 8 -2 -4 -34 24 -14 25 4 17 11 28 5 -7 -9 -3 -2 8 -8 -4 16 -16 -3 -13 -5 -1 -32 43 -10 14 -23 14 -4 -1 -38 -24 6 -11 20 2 -21 -11 3 2 26]
Round 36| RHF : 1.01303B[0] norm : 201.291
B[0] : [22 6 -5 -6 -16 11 8 25 -28 8 -3 -16 11 12 15 -25 -21 -28 13 26 13 16 -22 -7 7 10 1 2 16 21 -44 -15 26 22 17 -17 -27 22 3 13 13 24 2 -7 34 5 -11 35 -1 6 -4 -13 -10 5 16 2 6 -8 -26 -22 1 30 -10 -7 -18 1 -9 -22 1 -15 3 18 25 14 -18 13 -9 -8 46 19 -19 12 17 5 28 10 -15 12 27 -13 -18 11 12 -2 22 -24 -20 7 -13 -1 21 1 1 -43 20 -17 -29 23 -20 23 8 -8 -18 36 -26 -16 9 -15 -10 -6 -5 20 -3 9 -4 -5 -24 6 -23 8 -19 9]
Round 37| RHF : 1.01276B[0] norm : 207.511
B[0] : [21 36 -18 7 16 4 -22 2 45 -19 4 -21 21 -15 -12 0 -32 10 14 -25 -15 -1 14 -16 -3 0 -1 17 41 4 21 7 32 10 -18 -1 -9 5 21 -37 -9 6 18 -8 3 36 41 2 -1 -9 -25 22 -5 -11 -3 10 8 -6 -19 17 17 9 -13 21 9 -12 -17 36 18 26 -33 21 15 11 -14 -3 -56 -1 4 -3 1 -20 -12 4 1 -32 5 1 1 -19 18 -8 -5 -10 -9 6 -12 -14 49 -11 -17 13 -12 3 -8 2 5 -18 17 -1 9 -1 -4 -2 -19 15 -19 -29 33 17 6 -8 -14 22 -15 -6 -25 18 25 5 18 -18]
Round 38| RHF : 1.01238B[0] norm : 189.169
B[0] : [-29 2 -14 -31 6 -14 1 26 -8 -21 42 19 -16 18 -16 -17 14 -22 16 -16 5 10 -4 35 30 9 -8 -10 6 -2 -10 -11 7 -9 -12 -21 -25 -4 -7 16 7 -16 -19 8 6 20 3 -20 3 7 27 0 -1 33 -5 -5 -2 8 19 -15 -15 23 -6 16 3 3 -4 -29 22 -26 5 15 35 -25 3 -5 -6 -9 -22 0 -1 20 -6 -12 -7 17 1 13 31 2 10 8 -20 5 16 -38 -7 -20 -21 10 -3 -2 -5 0 20 0 1 16 5 -20 -23 15 18 1 -24 -24 29 33 9 5 -2 -19 30 -8 16 -4 -18 -9 -4 26 10 2]
Round 39| RHF : 1.01396B[0] norm : 202.267
B[0] : [-37 -9 14 -18 4 34 -31 0 22 0 13 -15 -11 -2 -32 20 -14 -3 20 -4 -10 2 2 -5 4 20 20 22 6 22 -14 -22 26 6 -4 4 -19 1 -5 -22 28 9 21 6 -23 6 -2 36 10 12 -6 -21 15 -12 11 6 6 -14 -11 -3 12 -21 6 26 -3 3 -7 -2 -15 -26 7 8 14 7 -36 -16 7 -18 25 -6 -10 -38 -22 3 -23 14 -10 36 1 -3 -23 26 -23 11 -28 15 -21 28 16 22 -24 16 40 -33 12 13 -3 8 -1 19 11 6 15 5 -20 6 0 -2 2 22 19 -27 21 4 -33 -2 5 -7 24 20 13 -32]
Round 40| RHF : 1.01265B[0] norm : 189.966
B[0] : [-5 14 38 -12 0 -57 23 -7 17 0 15 5 -10 3 26 15 -2 40 0 19 9 9 -24 -3 6 -16 7 3 20 1 2 23 -7 23 -8 21 -2 -2 1 33 -5 0 4 -1 -2 23 28 -15 -20 -12 6 -19 16 7 4 1 -17 -10 20 21 22 18 -8 -8 -9 1 -33 -6 -32 17 -9 14 -10 -6 -8 6 -2 26 7 0 23 -10 3 -18 -2 -22 -18 2 15 -5 -3 7 10 4 -1 -15 7 -1 29 8 -44 4 -8 2 -45 13 3 -10 11 -2 -19 18 17 -9 -15 22 13 17 8 22 11 -7 -11 -5 -34 32 -8 8 -14 -14 18 3]
Round 41| RHF : 1.01156B[0] norm : 196.964
B[0] : [-19 4 38 -6 8 27 -15 39 1 0 -12 -6 17 -8 23 2 -11 -41 -19 -2 8 -10 26 29 24 -33 13 -17 -2 2 -2 -27 11 -14 11 -26 -21 -9 -1 8 9 18 -10 -17 -9 -18 -15 35 34 -6 -7 -14 7 -14 22 -13 14 28 -10 -1 -13 -28 -8 -10 29 22 3 -19 -7 -18 42 -4 -13 9 15 11 25 -23 -7 -10 -18 8 25 -11 -15 2 4 -4 -22 4 -31 -12 -13 10 -12 -13 -7 -27 -28 1 10 9 -14 -7 -13 -9 9 5 -16 6 10 10 0 14 -22 -32 27 -5 -6 8 32 4 -11 4 -9 -14 -26 4 1 24 -11 -13]
Round 42| RHF : 1.0128B[0] norm : 197.451
B[0] : [16 18 3 -39 28 -18 -15 18 6 4 -9 -3 -2 30 10 8 6 -13 -8 -18 -11 37 16 11 4 5 3 13 -16 39 -12 -23 2 6 10 -23 28 -26 28 19 -8 4 -2 -14 7 -11 28 -22 -10 -41 0 -7 3 -13 9 -30 19 -26 -8 1 3 -18 27 -8 28 1 17 2 10 -10 20 -15 23 0 -9 -1 6 11 -8 -4 -31 12 20 -16 22 18 0 9 18 0 4 4 0 -2 -33 25 -10 -2 14 -6 0 -17 11 16 39 0 22 -10 26 9 13 28 11 -12 8 12 9 -3 5 8 18 -26 -5 7 -28 -50 4 -10 15 26 17 8]
Round 43| RHF : 1.01233B[0] norm : 182.406
B[0] : [-6 16 3 -4 -1 8 26 4 7 -7 -3 14 -14 7 11 1 -10 -20 3 2 22 -7 -9 -21 15 36 -25 40 6 -9 8 9 11 -3 40 11 -22 16 -7 0 -20 -34 2 30 -20 15 16 -28 -29 15 -8 -5 -2 -22 -6 14 8 16 -6 -15 -8 9 21 -15 6 6 -2 16 -2 -8 -35 4 -6 -27 28 16 11 28 3 18 1 24 9 -18 -9 -7 16 -2 23 0 11 4 8 5 21 -3 1 15 -4 19 10 -8 5 -7 -23 10 18 5 -11 -8 6 12 -21 1 -2 2 12 -7 30 -20 -13 -19 -23 -8 35 -11 11 30 3 -31 6 6]
Round 44| RHF : 1.01291B[0] norm : 210.744
B[0] : [-12 15 32 8 -26 -9 -4 -12 22 16 19 -12 -8 -2 -18 -9 -29 14 -10 5 -5 -13 9 -21 5 -25 26 12 -13 14 -4 14 -2 -32 -11 -21 6 3 14 -28 16 12 -11 -50 35 0 2 31 5 20 -21 4 1 13 -23 9 7 -3 21 -18 11 29 8 50 -17 12 25 -26 15 21 4 20 34 -8 -18 -20 -23 12 -20 3 4 -1 -2 13 16 10 -28 2 -44 35 -31 -2 9 19 21 -7 20 0 5 -13 -21 10 -23 15 -2 -35 19 18 18 1 3 -21 16 28 3 0 6 -4 2 18 -51 7 16 7 19 -5 8 12 2 8 5 26]
Round 45| RHF : 1.01134B[0] norm : 177.104
B[0] : [5 -14 29 8 0 -4 9 0 9 -23 -2 -18 -6 -9 10 -6 -10 18 34 -8 14 -15 -7 12 -21 -2 4 -4 -4 -27 5 -19 9 9 8 -25 -11 -7 5 20 -10 7 -19 9 -12 5 2 0 0 -5 5 22 -15 -14 -22 -13 5 -23 0 21 32 7 21 20 6 -10 -2 -52 -22 -7 1 -17 0 -4 9 6 -2 32 16 33 7 24 25 -16 -20 4 10 -9 24 4 9 22 5 20 -6 -13 -24 -1 7 -15 11 2 7 24 -24 11 -3 20 -15 -18 -4 31 9 12 -11 15 -24 -10 -3 8 -9 1 -25 9 40 -4 1 15 6 -2 -8 3]
Round 46| RHF : 1.01225B[0] norm : 180.242
B[0] : [23 2 -11 0 -16 -13 24 1 10 2 -19 -14 21 1 -9 -16 20 1 -5 6 3 2 -22 24 -26 -9 32 1 -8 34 4 -12 2 28 9 6 3 -23 16 -4 -26 -4 -14 -36 -12 4 -16 5 24 21 -6 8 -17 -5 -1 23 7 17 -7 6 -4 9 -20 -11 28 1 1 0 -36 -14 25 -21 -2 -10 2 -7 -18 0 -11 0 -20 -5 31 -4 21 12 -1 -7 10 -2 -15 -23 23 -1 -16 31 14 20 -5 5 1 1 10 -2 1 -14 2 -9 -42 -28 -2 -23 9 -14 2 4 -34 36 -17 -12 15 3 14 14 5 3 -10 -1 6 -21 15 -2]
Round 47| RHF : 1.01221B[0] norm : 190.974
B[0] : [7 0 10 -8 42 -21 -4 14 9 2 -3 -23 6 5 38 -23 -9 -20 -39 7 -3 10 17 5 10 0 -8 -2 -2 -5 0 15 -8 0 -17 8 12 1 -16 7 -28 18 19 -27 7 -4 26 5 17 2 -21 -28 -1 -10 28 -17 -4 -18 9 -2 -18 -5 -12 -13 10 -27 9 -42 -3 22 -27 -13 -8 9 -1 8 20 13 5 38 41 2 -7 -17 -2 -17 -18 -25 -7 -2 -13 24 -18 -8 -25 -9 1 -6 16 4 6 -7 -35 17 13 43 -1 3 14 -16 -14 26 -27 -9 1 27 13 6 0 27 -15 21 -2 -9 1 0 -1 8 21 2 -4 14]
Round 48| RHF : 1.01193B[0] norm : 176.017
B[0] : [-18 32 -12 37 -4 4 -13 21 3 -22 9 0 -7 6 -6 15 26 3 1 -4 6 -17 -18 3 18 14 -2 4 0 1 -8 19 4 0 -42 19 -16 3 -2 3 -6 8 -25 -13 12 -1 24 -5 9 15 -2 -14 14 -4 2 27 -17 -22 -6 -11 1 -40 2 -12 1 -6 3 -13 -28 0 -1 -11 13 -8 12 1 20 1 26 -1 -21 -5 -24 0 8 29 2 -8 28 12 -19 -12 2 -5 -20 -4 27 27 6 -19 -12 -1 -11 26 3 8 -3 37 -6 -17 -13 1 7 -11 4 -8 8 25 -6 -36 7 3 -2 -9 -2 -22 -16 8 -32 4 20 -13]
Round 49| RHF : 1.01327B[0] norm : 197.674
B[0] : [18 12 2 10 6 -15 1 -12 12 -14 -19 -7 -57 -22 -8 8 5 -7 -20 -1 -9 -7 -5 27 14 -15 -8 27 -6 -14 22 -11 -29 -5 9 -24 -2 -25 -1 -1 -5 3 16 2 -6 -34 -6 22 6 5 6 8 -18 -1 -21 11 10 -8 -7 -13 34 -8 16 11 -27 -30 -4 -13 -8 -22 -14 22 -4 -22 10 -26 -11 -18 -11 -15 14 13 -18 20 -3 -29 -33 14 8 9 -4 17 -20 20 -6 18 21 12 22 -21 -11 -17 27 49 9 35 13 -1 6 -9 7 -2 -15 6 33 -5 -5 9 -28 0 1 34 -13 6 6 -10 -8 13 35 -22 -16 -17]
Round 50| RHF : 1.013B[0] norm : 203.352
B[0] : [36 1 7 19 -39 11 -2 -8 8 -9 -16 -15 10 2 12 -3 18 -18 1 11 -1 13 25 33 -12 -10 -10 -29 -12 -5 3 -30 -4 -8 -22 13 -24 12 -21 8 14 -25 -9 -12 -8 18 -3 -20 24 -12 -5 -2 -16 -8 -29 9 -2 -18 2 -9 -22 29 0 8 -3 -14 17 6 -1 -13 -16 -25 22 -36 21 29 0 -26 6 -4 12 -14 8 -24 1 0 -18 -28 -34 15 -13 -6 47 -23 -10 22 -15 3 -1 17 10 -5 5 36 -6 -23 -14 0 -3 -4 -15 -11 -11 -12 -36 18 12 -29 -32 32 5 30 17 11 -46 5 -13 9 4 17 -11 -1]
Round 51| RHF : 1.01243B[0] norm : 189.903
B[0] : [-16 -2 20 -5 -43 -15 -6 14 -11 9 -27 7 -17 31 31 -9 23 -10 8 27 16 21 9 2 -7 -16 -10 8 -1 -4 9 4 39 7 5 7 12 10 -10 2 19 -1 5 3 -1 -11 -2 -8 19 -12 -4 -9 -8 4 -25 2 -9 11 -21 -11 10 40 16 -5 -36 15 -13 7 3 17 -14 -24 -19 -15 2 -19 -8 -8 -1 -11 2 2 5 21 -11 26 4 11 14 4 -4 29 -37 -9 7 19 28 26 14 6 -15 -4 11 9 28 -10 42 -23 -39 -5 -12 -5 16 1 -16 -37 -11 6 -3 -6 30 12 4 -8 12 8 -12 22 18 3 -22 12]
Round 52| RHF : 1.01211B[0] norm : 193.06
B[0] : [11 -9 0 -21 27 -28 -27 -9 10 4 -6 -2 0 -12 -15 11 21 -44 15 -9 7 10 11 -15 -25 9 16 4 7 -2 -16 -4 13 38 20 9 -4 26 22 16 5 6 -1 18 6 -9 16 -40 -9 -9 -10 6 -9 -9 -9 -6 19 2 13 6 -9 -17 22 0 12 -28 -24 7 -3 12 13 8 12 0 31 -4 34 31 9 -29 -3 6 -18 18 -4 -9 -2 -10 19 16 35 13 -7 -15 21 -8 -14 14 4 26 -28 -12 -3 4 -29 -20 21 -1 20 -1 11 -14 -5 -24 -18 -2 22 -1 -5 20 27 -6 7 -1 -34 -4 -15 -33 -8 2 -10 42]
Round 53| RHF : 1.0128B[0] norm : 200.432
B[0] : [22 -28 -23 -22 -1 0 26 -8 -8 -11 -6 -3 8 46 -27 -1 8 14 20 13 22 -26 7 -32 9 -9 -22 -26 29 30 -28 -20 -12 13 23 16 22 -16 32 1 -2 8 12 2 -15 0 -25 -4 18 -10 5 14 -18 4 16 9 10 3 20 -11 -6 -33 -10 6 -5 -24 -3 10 9 -20 9 -7 14 -8 7 19 -6 13 30 30 -6 44 -21 1 -10 -6 -2 -7 0 -2 -45 -49 14 0 -22 30 -2 -9 14 -11 0 -36 1 -13 1 6 3 15 -4 -22 -2 -21 11 7 -14 -23 16 10 17 -11 -1 6 6 -9 -3 -16 11 -21 4 2 30 -17]
Round 54| RHF : 1.01255B[0] norm : 172.962
B[0] : [-23 -2 -14 3 3 20 -7 -1 6 20 21 18 4 -7 11 -6 5 4 -5 -20 -26 -30 13 4 -21 11 16 -10 7 -3 1 -17 -8 6 20 -4 -15 4 -3 28 10 -9 13 16 -29 2 -18 16 5 -12 19 14 -19 20 -8 -5 9 41 -7 6 7 -2 -11 -3 50 19 -11 -18 -5 -31 -30 15 -6 -5 -5 -2 -10 23 -10 -12 -10 0 3 7 -13 18 11 26 16 2 2 4 -6 3 -23 4 22 2 -17 -9 -25 -2 8 8 19 -10 0 -8 -1 -11 9 7 2 -19 -25 10 -2 14 11 5 16 -16 6 -7 21 16 -37 2 15 3 10 -33]
Round 55| RHF : 1.01328B[0] norm : 197.038
B[0] : [-34 4 -14 -4 -11 -14 5 34 -39 8 5 12 -3 7 -12 21 23 27 -12 -6 13 -34 -26 -1 10 -22 2 -7 -4 -11 21 1 -10 -18 -4 33 29 -26 13 -5 23 26 11 9 -5 16 9 20 44 -29 14 -35 7 14 -4 -2 3 -1 -22 -5 -7 16 -20 -32 7 21 9 -47 -9 0 -12 -2 8 13 22 -15 -2 -4 -10 4 10 2 -5 -12 -12 11 0 21 17 -27 7 -2 4 27 -32 8 15 -10 -10 12 -12 24 5 22 -4 11 -15 -19 0 21 14 0 34 -22 27 -19 -5 4 15 11 6 -23 -4 3 15 3 13 9 -31 2 17 14]
Round 56| RHF : 1.01307B[0] norm : 203.841
B[0] : [13 12 22 19 -20 -13 -7 16 -42 10 4 3 -5 23 10 12 -44 38 11 -13 51 7 -24 7 -3 16 -25 10 19 17 -9 -24 12 25 -28 18 23 -4 4 0 7 28 -27 -14 -1 -25 -17 0 -8 -11 -23 -3 -17 -17 -27 -6 -16 -4 10 -20 -3 11 22 -10 4 20 -12 -19 -16 10 19 21 -9 -1 -8 -23 -1 0 14 36 9 -5 -7 5 -13 -3 -13 18 -38 13 3 -17 -12 -6 2 4 21 36 -7 17 -6 14 3 -13 4 13 17 33 5 -3 22 -1 -2 -6 -12 -13 2 -18 -10 -27 -2 0 -2 13 16 -39 14 31 -10 19 25 38]
Round 57| RHF : 1.01271B[0] norm : 188.844
B[0] : [-16 20 4 11 -3 34 -10 8 -31 -23 -12 6 1 13 -5 4 -20 21 -8 9 -1 -17 -12 8 -3 10 4 40 9 -2 11 13 -30 -9 -11 -19 -29 -4 -4 -9 5 4 1 38 19 4 3 3 -11 17 1 -11 -10 -14 29 11 -9 -18 13 -13 -13 25 -12 -12 5 31 9 6 -21 -7 6 27 6 -9 18 14 15 16 36 -23 1 -22 6 -1 2 38 7 -33 9 9 -2 -1 0 -3 -13 12 24 -35 26 23 -12 5 34 4 -7 -12 -8 16 -20 -18 27 2 0 -19 -1 -7 2 -1 4 0 14 -15 -19 22 2 -4 14 -36 24 16 -29 -8]
Round 58| RHF : 1.01133B[0] norm : 177.37
B[0] : [-3 27 18 6 -22 6 10 -1 -25 -10 7 6 -14 12 22 5 4 0 -14 -25 14 -10 -35 3 -17 -29 15 40 -2 12 9 2 -9 8 4 21 -9 -12 -4 28 -29 10 3 5 6 -6 -11 11 -25 -21 -10 -11 8 -12 -15 -13 -2 -10 8 15 -10 -6 0 9 -1 17 -3 49 -1 5 2 -27 8 10 9 2 -3 12 -8 -14 -11 -16 7 0 -6 -18 -13 -7 11 8 2 -11 -5 -31 7 -30 -7 -12 7 26 -20 -2 -29 -18 14 18 -9 -23 14 -14 -3 21 17 24 0 20 26 19 2 -5 3 1 3 8 -4 -5 21 -11 -15 -24 -32 21]
Round 59| RHF : 1.01279B[0] norm : 201.566
B[0] : [-12 6 -1 20 -10 31 -14 13 12 13 13 20 31 -10 -8 -5 -5 4 -15 30 16 -2 -13 -18 -25 -17 -21 -18 -33 -3 35 29 -19 -7 -1 -25 -12 -1 35 -26 -14 2 13 32 -13 13 -7 5 4 -14 -29 11 -9 9 13 -4 0 22 18 -33 11 4 15 -6 -23 -8 -8 7 -21 -9 3 29 -16 -9 -9 -8 -1 14 5 -8 -12 34 19 11 -28 -39 16 -2 3 33 7 -11 -8 -4 -21 3 3 -23 42 -14 16 -36 -17 -23 1 -20 34 -7 -4 -20 13 -5 -4 24 7 0 12 -4 6 -23 -41 11 -15 2 14 -3 27 -3 -21 -8 13 -6]
Round 60| RHF : 1.01304B[0] norm : 196.891
B[0] : [-31 -10 -26 -44 12 2 23 -7 -10 -5 -8 -5 3 -19 2 23 24 10 -8 -18 -7 -10 15 -11 19 -13 30 -6 -1 5 4 8 8 13 13 -1 9 38 -1 11 -7 -9 0 9 -2 13 1 -34 22 -18 2 -9 4 21 -11 7 2 13 -31 -10 8 -12 35 -7 9 21 -9 -25 28 -7 2 -1 -8 -3 2 -19 20 8 6 26 -44 -8 16 -12 -8 3 -6 4 -7 -3 37 19 -9 17 -9 3 8 -22 -19 36 -14 18 21 17 0 44 26 18 -38 40 7 -17 -12 -13 -13 1 -11 -8 6 5 -10 7 -9 -28 -24 15 10 7 -8 3 -12 -34]
Round 61| RHF : 1.01347B[0] norm : 197.17
B[0] : [-6 -4 -4 20 35 1 -20 -19 -15 3 -18 -27 -13 22 -10 11 -16 -5 8 26 -9 -15 15 7 20 10 -2 19 15 -24 34 5 -20 17 -14 -19 -9 -41 32 -4 -4 -28 -11 2 -12 -13 20 5 12 24 -21 -25 46 8 2 1 1 1 -28 23 32 43 22 -10 2 -13 19 -15 -12 15 16 10 -3 8 -3 -8 -54 9 4 -8 0 -18 22 3 4 8 -14 -17 -16 -26 3 7 3 5 8 -9 -39 19 -12 -28 2 -8 -3 -16 10 26 0 4 -9 -3 11 8 8 -16 -16 5 19 6 3 7 15 -11 0 11 2 -11 -25 16 5 -6 2 36]
Round 62| RHF : 1.01334B[0] norm : 213.609
B[0] : [-12 21 -21 -10 25 -28 -1 -9 -4 -14 14 -8 -35 10 27 5 11 26 -11 9 18 10 -15 -28 0 5 -43 16 18 -8 -14 -29 -25 14 -28 1 -15 -29 -28 -34 7 12 -6 -26 -7 -34 -35 -12 31 -17 31 -56 -22 -9 -5 -9 -9 -4 25 -19 10 31 -7 1 13 -5 -55 -11 -25 4 19 -13 -4 9 5 11 20 24 -23 0 -20 -8 -1 9 2 -6 -48 3 -1 4 16 9 6 -4 12 20 9 34 3 -7 1 -9 14 9 12 1 -27 -15 -16 28 -16 -18 -5 3 -6 11 -8 -21 -20 8 10 -5 4 12 -6 -13 -4 15 15 37 14 -3]
Round 63| RHF : 1.01287B[0] norm : 191.533
B[0] : [9 -21 3 -22 15 -22 -7 -10 -11 0 -8 0 -23 -4 -17 15 14 3 11 -1 7 -12 -5 -2 -17 30 -19 -32 7 -6 25 14 -12 -39 -38 9 10 25 20 -11 6 11 34 -7 1 11 6 2 17 -4 3 22 -1 -31 -5 -13 16 4 0 8 -18 3 5 -6 -1 3 -15 -16 9 -29 17 -4 18 12 1 -12 12 15 10 -3 -1 -25 9 6 -1 7 2 -32 -7 -25 -8 14 -27 5 4 21 5 -5 -12 17 -7 -22 31 -24 -13 41 -7 9 -32 -2 21 17 -15 29 18 -4 14 -5 -37 46 5 15 9 -20 -5 14 -18 18 11 -4 -28 14]
Round 64| RHF : 1.01284B[0] norm : 199.57
B[0] : [-4 -17 -16 -30 21 -3 20 -47 20 6 25 5 12 27 18 23 -4 4 6 -17 -4 0 24 -17 -12 9 14 -2 -4 5 18 -12 -5 14 -21 9 5 -2 -19 -37 26 -3 31 -20 7 10 9 44 0 -18 -26 19 12 12 13 13 1 -12 11 16 17 -9 -34 17 -3 -16 -16 35 17 -7 37 -3 -28 -2 24 -24 -10 23 -32 2 3 -1 -9 29 20 27 30 4 9 -9 4 -21 1 -7 10 8 1 28 -2 -1 -27 -48 6 -10 -7 -5 -12 -26 -22 -5 1 -1 -12 -9 -7 -18 -13 11 16 -3 -1 9 5 -7 6 -15 17 -4 27 10 18 -5]
Round 65| RHF : 1.01191B[0] norm : 189.383
B[0] : [3 -16 -12 20 16 -24 -18 12 12 0 27 1 -41 1 -3 -4 -23 -6 5 -15 -14 0 9 -14 37 -4 -15 -24 -24 -1 12 7 12 15 1 -3 5 1 -2 6 18 1 16 15 -6 -3 -8 14 11 -3 -8 9 -2 -16 -11 -9 -5 -2 -15 -3 19 -4 45 2 -14 1 17 -2 -3 17 -20 -1 19 -23 43 -8 32 8 5 -6 8 -13 0 33 -29 -14 13 13 -22 30 -5 10 -2 -9 13 9 26 26 -3 24 6 -1 6 5 -12 11 30 5 -6 -9 10 -1 56 26 19 -6 9 23 -36 -21 3 -6 17 8 -6 9 -8 -20 -18 -21 -17 -16]
Round 66| RHF : 1.01216B[0] norm : 189.082
B[0] : [30 5 22 -11 -2 5 -16 -5 17 0 -16 4 -7 -11 14 5 -27 6 16 -19 -4 9 6 11 5 -1 -1 -13 -11 -24 -14 -12 -8 1 -33 -2 -16 23 8 -5 -27 -18 4 20 -44 -19 -17 -8 11 18 6 -1 6 2 -5 -1 17 -18 0 10 32 -12 7 14 12 -11 3 -27 12 2 22 1 -10 18 0 42 -10 6 23 2 13 -1 -18 1 22 -7 -18 6 0 -12 21 5 -11 -26 0 -20 -6 26 -18 25 -14 -15 -3 5 -14 -4 14 -26 5 -42 -14 47 25 4 -16 -8 35 -22 -3 26 -16 -8 22 17 -7 -32 4 11 1 -19 -10 8]
Round 67| RHF : 1.01224B[0] norm : 191.906
B[0] : [9 -11 0 -10 2 0 -8 34 6 -8 2 6 3 26 -3 14 14 9 30 6 -3 -18 -7 -9 -22 8 -16 23 -21 -12 0 -7 9 -5 31 -15 -1 -7 2 -32 21 5 -3 -23 -30 3 12 14 -6 9 -9 -16 -9 19 22 -3 -20 16 9 21 -7 7 -15 21 4 -16 20 22 -33 -13 15 7 22 43 24 5 12 -23 1 -3 -16 2 33 -20 -17 -22 10 27 35 1 -41 0 33 -17 -10 -5 10 -19 -4 12 -3 16 9 -15 25 4 4 16 -6 -20 -1 -10 13 29 -8 22 -26 -4 6 -16 -2 19 -31 0 3 -21 -3 7 -17 -26 25 -1]
Round 68| RHF : 1.01214B[0] norm : 198.389
B[0] : [22 11 0 1 6 3 -15 13 12 -12 -8 -4 -1 -22 19 6 6 11 19 8 -7 -1 -14 3 -41 -10 -7 -11 11 -1 16 -13 8 -14 1 -26 -12 -18 -53 3 18 19 8 25 -15 2 -17 -37 -2 4 -23 12 -14 33 -5 1 3 -2 -12 3 -8 11 -18 23 23 13 -16 -13 -16 16 12 -7 15 -3 -14 4 -2 25 -5 -17 11 39 13 -8 -11 19 -20 -12 11 17 -1 2 36 34 -62 15 5 30 10 -12 15 -15 19 -14 0 -12 -22 -23 -7 13 -2 5 18 -23 -30 -6 8 25 1 6 -15 35 13 13 15 13 -6 9 5 19 29 19]
Round 69| RHF : 1.01304B[0] norm : 197.112
B[0] : [-12 37 0 19 1 -25 30 -11 9 -31 11 -9 -1 10 10 20 4 -16 -20 -11 -9 17 7 34 21 -24 0 17 5 -31 -9 10 1 32 37 -20 6 -5 11 4 27 -14 2 18 3 17 18 35 -13 5 -32 -7 -4 -6 -22 -19 21 -9 25 0 0 -14 -2 3 9 4 -11 26 22 1 28 -13 5 0 -25 26 -9 19 -19 6 -3 3 -19 2 10 6 -24 19 -17 -27 -21 -33 -1 12 23 -8 -17 -2 6 -34 -10 -32 -14 19 -7 9 -5 7 14 5 -11 0 -8 -19 5 -52 15 0 7 -11 -21 0 -2 9 -15 -17 -14 9 -15 -20 4 24]
Round 70| RHF : 1.01399B[0] norm : 198.225
B[0] : [1 0 -40 8 33 0 28 -10 -24 -11 -43 16 -12 8 -24 -11 7 -7 11 -5 -21 -9 11 9 14 -7 -16 10 -43 11 18 -10 18 22 -33 -6 -29 8 -10 5 -6 -47 3 41 -3 0 -19 -30 16 -3 -2 -10 21 -10 -5 -5 -10 45 -18 -11 10 9 -10 -9 15 -8 11 7 16 -49 21 -5 18 42 11 11 22 18 7 0 -2 -10 -20 -22 6 -1 11 -1 3 21 -18 -4 30 -18 -14 -13 14 -9 -5 -23 -7 9 -9 19 -1 8 -16 -15 -6 -14 13 22 13 21 13 1 -18 -8 5 -17 7 -9 -6 13 -10 11 4 5 0 -5 4 26]
Round 71| RHF : 1.01253B[0] norm : 190.953
B[0] : [1 10 -23 -13 -5 10 -1 4 -5 1 -25 -13 35 -9 -4 -18 -43 -29 -7 -29 15 22 3 3 9 -3 -6 -4 10 8 13 15 -48 22 -15 -15 16 6 -16 -41 -1 38 -6 -13 -1 12 15 2 -8 0 -4 28 -2 18 -17 14 9 11 14 4 -8 7 -7 28 -13 10 17 17 6 34 10 -9 23 -11 18 -25 10 4 -9 -23 1 23 22 -2 11 27 1 8 17 4 16 19 -6 3 3 43 3 -14 -13 20 0 2 -8 10 -5 1 -17 -23 -5 10 -8 -16 -3 -11 -13 2 -23 -7 3 29 27 14 32 -3 -3 26 -1 25 -7 25 -12 13]
Round 72| RHF : 1.01223B[0] norm : 197.287
B[0] : [3 1 -10 30 -7 -4 4 -3 4 14 -22 31 -10 -5 29 -23 -11 -4 -10 4 10 -8 14 -8 10 -10 -16 -14 -16 20 -6 28 -8 16 13 -4 -23 10 -41 29 -10 -2 14 2 -26 30 -5 10 4 -1 6 16 43 10 1 -15 1 33 -11 2 11 24 -22 -32 23 -20 -31 -13 22 -14 -9 -9 -19 43 19 -15 13 21 0 -10 -6 -14 -17 16 5 -6 29 4 10 -6 -12 2 -13 13 -10 3 8 -1 -23 -10 -22 6 -26 18 12 7 24 33 23 -27 8 22 -34 15 9 -19 2 26 9 -1 27 -17 8 -5 -19 14 -16 5 -17 -19 20 3]
Round 73| RHF : 1.01336B[0] norm : 199.281
B[0] : [20 2 1 -12 -2 11 31 -6 8 -43 1 -11 13 -16 10 -24 5 -6 5 15 23 -23 -9 -3 -21 17 -8 -4 -1 -1 21 -11 -1 -10 2 7 17 -3 -32 26 -8 10 12 -2 -8 23 15 13 -27 0 -3 -22 -34 6 12 -5 2 -12 -24 33 -5 -8 3 -16 -8 42 0 8 0 0 -35 -6 31 -28 1 23 12 -8 12 23 5 0 26 -24 -20 10 27 -5 -16 3 -16 20 -30 -16 -35 -41 5 -15 -13 32 33 -13 6 6 0 -4 30 -21 0 -3 7 21 27 -12 -4 16 15 -1 1 -13 -2 22 -19 -25 -5 14 -9 -20 -21 -5 34 9]
Round 74| RHF : 1.0125B[0] norm : 192.736
B[0] : [7 -6 7 -6 -11 10 -7 -8 36 -20 -2 19 -6 -34 19 20 -10 10 -7 2 2 41 11 12 14 2 22 -9 14 4 -6 -44 13 -11 4 -7 25 -4 6 36 8 9 21 -3 12 -16 6 -22 -5 -8 7 32 19 -1 5 47 -1 0 -12 21 6 1 -2 37 15 14 -40 1 4 -11 2 11 -8 4 46 14 9 -23 3 -12 5 2 -12 17 -6 12 15 10 -22 9 -20 -3 -15 16 12 -35 6 -4 46 -9 5 7 4 -14 -22 3 -38 -19 -13 8 23 -2 3 -17 14 -8 0 -2 5 5 8 1 11 -4 -22 3 -17 -20 -7 -31 -3 6]
Round 75| RHF : 1.01287B[0] norm : 203.647
B[0] : [-44 -11 1 -2 -11 18 -15 4 -18 9 1 -34 12 17 -2 -5 31 7 1 1 -2 -22 24 28 -21 6 -9 -12 1 -20 -32 13 -9 27 4 -13 37 -20 -27 -14 -8 6 -17 1 -8 -15 24 2 -6 19 -12 -28 -6 -2 -1 -3 -25 19 -30 26 -23 -11 -27 -15 -10 -16 2 -8 11 27 27 18 -13 4 16 37 -5 -17 -19 -41 -21 27 -15 32 33 -22 17 -20 -2 18 -1 -30 5 16 8 -19 -10 5 0 6 -27 8 9 8 15 15 -7 6 3 31 -15 17 4 14 -20 24 8 -21 -11 -16 -21 -2 -15 23 -8 8 20 15 2 8 27 -3]
Round 76| RHF : 1.01326B[0] norm : 202.017
B[0] : [1 -26 -5 -15 -13 -6 21 3 -25 -24 -5 -20 21 -19 -23 -15 6 24 0 14 9 -22 22 11 13 16 13 -1 29 20 -16 2 -6 14 10 -15 6 -26 -18 29 -29 7 6 4 28 15 -30 14 -20 -30 14 -8 1 19 -8 18 -16 -9 -7 15 -11 1 -21 -1 4 -1 -24 4 26 28 -21 -20 13 -2 34 1 5 -1 16 11 -16 -10 -24 22 35 18 34 4 2 -21 -7 -28 -5 15 18 14 -14 -5 -5 2 -17 -12 11 -2 13 9 3 17 32 14 32 -22 9 1 13 34 20 13 -12 31 -5 12 -17 -19 -18 -19 35 -4 -26 13 -20 -32]
Round 77| RHF : 1.01266B[0] norm : 192.174
B[0] : [-2 -27 -11 4 4 -37 7 -11 7 9 13 0 -23 -24 -22 20 -12 -6 3 23 -4 1 -24 -14 -27 33 -19 15 -6 1 11 -23 -10 -26 19 -13 4 -4 -6 13 -17 -27 4 -14 -22 20 13 13 22 21 3 13 -16 -17 7 8 8 -16 -10 16 -18 27 10 26 -17 5 -13 7 5 34 2 -2 -3 20 7 17 17 2 8 16 9 -9 3 -2 -5 14 25 10 13 -23 -15 0 5 -19 -14 31 -8 -17 -1 -9 6 3 9 -5 30 -19 -34 36 -19 -3 38 -13 -5 -4 -11 13 -44 -6 41 9 -18 7 -1 -7 -8 -4 -18 -25 26 -12 -6 -6]
Round 78| RHF : 1.01236B[0] norm : 194.059
B[0] : [-12 6 4 -26 14 8 1 5 29 2 -17 -17 -2 -21 -12 -6 -27 21 0 -22 -11 0 -11 4 -17 5 5 31 -24 -22 -15 -2 3 -19 16 37 13 16 -3 -18 16 -26 1 6 14 10 -6 16 9 -2 -26 4 12 -8 -27 -1 28 -33 -21 6 -10 2 13 7 -10 14 -30 29 -7 27 -11 35 -12 -16 -27 4 -19 8 -17 8 -20 2 -10 29 7 -11 -17 -26 -17 14 -2 20 20 2 10 -17 -2 -23 16 -1 -17 13 -26 -17 -3 -5 6 -19 10 16 -34 -11 26 1 5 -20 27 32 8 -16 26 3 6 2 39 16 0 3 14 0 -27 -11]
Round 79| RHF : 1.01265B[0] norm : 199.987
B[0] : [8 1 -10 9 -15 -1 -13 18 -20 25 5 -20 -5 29 -1 -9 22 -4 -3 4 -19 -46 17 -5 37 -1 19 -13 7 -27 6 2 1 -7 -44 17 -18 0 -31 24 45 -7 -7 9 26 17 -27 8 12 25 -25 14 -12 -8 22 -39 -6 -14 25 -8 20 3 0 8 19 -13 6 -7 16 22 -9 7 12 29 -10 -19 -9 5 4 6 -1 -5 -18 22 0 -18 8 -3 28 -22 2 34 18 16 -3 30 -10 20 -16 -2 4 -22 41 8 -16 26 20 -8 0 10 -1 -10 -17 16 -2 -6 -18 -19 23 -8 -7 12 -2 -8 6 11 32 -3 4 3 -15 -30]
Round 80| RHF : 1.01173B[0] norm : 181.813
B[0] : [-2 -3 -2 7 -7 13 8 -1 14 -20 24 -19 10 2 -7 -13 -19 -8 2 -20 0 2 14 -16 7 -3 -39 18 11 -13 -5 -22 9 16 -29 13 4 9 -3 26 16 -17 -10 1 20 -26 9 -26 1 -6 7 -10 20 -34 -10 -14 -30 5 -32 0 -14 -22 14 -20 -2 -14 -6 -10 -26 0 19 14 -12 -25 -12 -13 -1 6 5 -7 -17 7 -10 0 -22 -30 -29 38 16 -18 -19 -18 -5 -11 -27 5 -1 9 -6 -28 -3 2 -1 -9 -12 15 10 1 4 21 -10 6 -15 -16 -9 7 -14 -20 31 -4 23 7 -19 -20 -8 -19 26 21 -11 8 -11 23]
Round 81| RHF : 1.01283B[0] norm : 201.092
B[0] : [15 -10 5 -25 24 -9 17 2 -16 -27 8 -10 44 -12 8 12 5 27 -4 -24 37 -12 -4 -12 -13 15 -32 -15 -3 3 -44 9 -3 -19 -20 -7 -23 -18 1 -3 2 8 12 23 -17 19 44 4 1 -16 3 11 -17 -6 -29 -15 5 -6 -7 -28 20 12 -11 -30 -26 -13 24 -19 -12 -4 22 0 11 0 7 -1 -30 28 3 -3 2 19 24 -7 -10 3 -2 -2 8 24 -16 -5 51 22 2 30 14 27 -26 1 8 23 -3 -19 29 -29 -7 13 -16 3 4 10 3 5 -20 -3 -2 18 7 -10 17 -1 -30 -1 11 18 -11 -2 1 -30 7 18]
Round 82| RHF : 1.01338B[0] norm : 194.713
B[0] : [-4 -9 -26 22 -11 -17 0 37 7 18 -19 -4 -2 -38 29 9 -15 -16 13 32 -7 -5 2 21 10 -11 -12 -12 17 -23 12 17 14 14 -4 0 -5 0 -33 10 -17 12 -9 14 29 -12 -2 19 -20 1 8 -18 29 21 20 33 -3 -11 8 -10 -11 -13 14 13 7 -11 -1 3 0 -21 -9 -8 1 0 -26 4 -27 -22 -22 -45 26 22 18 -15 11 -2 -28 12 8 -18 17 26 -6 -10 3 -20 6 12 -16 -43 -2 -3 -26 6 5 13 -21 -18 -32 -10 -32 -20 6 -12 -16 -8 4 -9 -3 10 -8 -23 14 -7 -20 -5 1 13 5 25 21 -5]
Round 83| RHF : 1.0129B[0] norm : 200.811
B[0] : [-6 9 30 0 15 9 -1 -13 13 -11 -5 -20 16 -8 -9 -15 -1 28 11 -31 18 8 19 -2 0 -14 15 39 7 -15 3 0 -6 -12 11 -22 -12 -1 17 -9 -12 26 11 20 -20 -6 9 1 16 -30 33 23 -19 39 -17 -2 -7 31 -10 -34 13 -2 -3 10 13 4 37 34 -9 9 21 -21 -11 19 19 -11 23 13 21 -36 15 -33 15 7 -12 39 2 33 -22 -12 1 -5 -44 5 -17 -1 -13 -7 -1 20 -3 16 7 8 -11 -30 10 1 -11 13 -3 0 14 4 17 -16 -9 -5 2 3 9 -1 -11 11 -15 10 -37 -25 5 -12 6 38]
Round 84| RHF : 1.01286B[0] norm : 192.424
B[0] : [-2 -25 -36 -19 -13 7 3 5 -17 -6 -12 26 -15 -6 6 5 -26 -13 6 -17 1 -15 2 -2 30 14 -18 -1 3 2 3 -36 51 16 -8 28 13 -1 5 -10 3 0 2 23 2 -21 -11 5 24 -3 52 13 2 22 -8 0 22 -1 -26 22 -3 0 25 34 -1 14 9 -22 3 3 34 -19 0 15 1 -12 14 11 -24 10 -4 -10 18 -3 12 3 5 23 12 -7 49 -8 -1 22 0 30 -17 9 -17 4 -12 -11 -4 7 -10 12 16 21 11 3 -21 -16 4 0 -5 7 11 -13 0 -4 23 26 15 7 20 36 9 16 18 15 -14 -4]
Round 85| RHF : 1.0125B[0] norm : 200.494
B[0] : [-31 35 3 -33 0 -8 6 3 10 -1 -7 17 13 -21 -33 -35 -6 -35 -12 4 9 -4 -35 -8 -36 8 6 -22 10 -9 -6 9 -22 15 -16 8 2 3 26 39 19 34 -1 20 5 -18 17 27 0 12 23 1 4 -5 13 1 -2 -1 -9 -21 2 -6 2 -7 -11 -31 -17 -15 16 -13 24 -3 -1 -3 -16 -19 -10 -5 -1 -12 1 -9 -13 -11 -4 -8 -10 10 -38 19 2 46 15 30 3 12 -14 -33 -40 11 -1 -3 3 11 -29 -25 -9 8 34 21 -25 8 15 12 22 25 23 -12 -10 -10 2 16 -8 20 -5 -9 14 -1 0 -18 -18 1]
Round 86| RHF : 1.01189B[0] norm : 199.111
B[0] : [26 12 -1 30 16 7 8 -7 0 -3 -9 -8 -11 22 16 10 3 -34 34 24 -24 14 -2 -9 5 -21 -6 25 4 6 -5 -6 -22 8 15 17 20 -1 -4 17 -18 19 38 10 -9 -7 21 -11 10 -22 28 19 -34 12 33 -6 -2 -11 35 -15 -11 -12 17 14 -3 -15 19 -37 9 11 -24 1 -17 6 -13 -3 21 -31 -8 -29 -18 9 -43 -25 17 3 8 -8 -2 -18 11 -23 -13 -7 -9 17 -12 8 -6 -3 -23 2 -4 32 9 -11 6 -7 -15 29 -6 1 -5 -50 2 -1 -17 17 -8 -6 14 26 14 25 -5 3 -6 16 -23 -2 27 -10]
Round 87| RHF : 1.01266B[0] norm : 191.549
B[0] : [-9 -17 -9 -15 6 25 -5 1 9 11 -7 7 -3 5 -14 -18 -11 13 -11 30 3 -26 -26 30 3 -6 -9 -7 -26 -5 9 11 -39 -10 -31 6 -3 20 11 23 -11 16 21 -7 0 25 9 -21 -9 -7 18 -31 22 -11 -5 -14 11 24 -15 -3 29 7 -11 0 -7 -16 7 -19 -9 -10 9 10 14 -19 12 0 18 -2 4 -13 -18 30 -5 -4 -19 -22 -3 1 14 -2 14 33 26 -18 5 -5 -4 -10 -7 -15 -16 8 -16 -15 -39 -20 -9 2 12 -19 -4 42 -8 -13 -7 -7 20 31 0 -7 -19 14 -26 29 5 17 18 -13 47 5 21 15]
Round 88| RHF : 1.01278B[0] norm : 190.145
B[0] : [-8 -29 -5 46 -6 -3 -2 -11 -10 -1 -28 9 -2 31 3 -23 21 -16 -20 -10 1 19 -8 16 32 8 -3 0 19 23 17 16 -1 4 -4 -15 2 9 -25 7 -5 30 17 -16 18 -7 12 -7 -20 -11 3 17 -31 30 -11 -9 10 8 2 -19 -19 7 0 15 -19 -19 -14 0 -24 -33 13 -9 -19 3 -23 -7 10 9 -20 -15 0 36 27 -15 -16 -19 20 0 -13 5 5 15 3 14 22 -2 -14 16 -22 2 6 3 18 3 -15 6 -12 24 -27 9 31 6 19 28 13 1 2 1 -5 -12 12 -13 33 -26 -15 -4 -15 34 20 -9 -7 -12]
Round 89| RHF : 1.01296B[0] norm : 185.221
B[0] : [-14 -13 16 9 22 -8 5 18 14 -7 3 4 -25 -11 -1 19 -41 -22 -16 23 9 -17 -7 0 16 2 0 -16 -2 -15 23 17 -14 18 -7 -29 -6 -10 -5 3 14 -30 -16 1 23 -15 16 1 -24 14 4 -10 1 -4 6 -9 -20 9 1 -23 -20 21 3 18 -10 29 17 3 -5 -11 -17 -24 19 -9 14 21 30 -31 19 -2 11 -45 -16 -34 3 -10 -13 -29 21 -20 4 -23 1 2 3 3 11 10 12 23 -5 -7 -21 29 -4 -22 31 -12 17 -7 -1 6 -1 -13 1 16 -4 25 -13 -12 15 -2 -4 8 -4 -24 -14 0 6 14 15 21]
Round 90| RHF : 1.01261B[0] norm : 203.15
B[0] : [14 -42 36 4 -4 9 -10 17 -2 16 1 -12 10 20 10 -23 26 6 45 26 -19 1 12 -18 29 2 6 -4 26 -4 -11 10 2 14 -13 18 -26 -8 21 -5 14 -17 0 2 -13 -23 -17 -30 -27 8 -35 -25 16 -28 -10 -14 -7 -3 -10 -25 1 0 -30 -14 18 9 10 1 -38 4 -16 -32 15 -5 9 -26 2 -8 -7 24 -6 22 -3 -18 -23 20 -2 21 1 -8 1 1 -7 -5 17 -44 -2 0 3 11 11 7 -3 30 -8 18 2 -4 -29 -11 2 13 0 -12 19 -33 -27 -28 -14 6 16 15 3 11 4 -20 41 -24 -4 18 23 -2]
Round 91| RHF : 1.01289B[0] norm : 204.1
B[0] : [-12 34 18 -37 15 22 27 9 28 19 5 0 1 -28 12 -11 -3 -15 7 -1 -19 -9 37 5 -7 1 -6 19 -16 1 -15 23 -9 -29 24 -2 -8 -25 1 -7 0 10 8 9 3 -1 3 -7 26 1 -29 -10 4 -16 -9 -12 25 -5 -7 14 -24 -10 -8 8 -7 15 -15 -19 -33 17 -2 -18 31 -34 17 -6 1 -26 -12 5 -20 6 -3 -5 -6 -7 2 -2 -16 -1 -36 21 13 -26 -19 -28 -15 8 -17 -15 -2 32 23 39 4 -8 -9 34 32 -31 -6 9 -19 22 15 -1 18 -3 -50 24 -19 -8 -8 4 13 -27 9 15 -12 -26 10 -13]
Round 92| RHF : 1.01238B[0] norm : 193.417
B[0] : [30 -2 -27 43 -38 21 -18 -6 -18 -29 -20 -14 16 -8 25 -4 -41 -1 -10 14 12 14 11 -11 -15 17 -21 -1 -17 4 -15 -3 5 0 11 25 -4 5 31 1 -5 22 0 -26 19 32 -21 16 8 -27 -5 20 -49 -1 -6 23 -29 15 1 4 -13 -6 -6 -3 13 -4 -12 -18 -15 -8 -6 1 15 -17 3 -7 -17 -6 46 9 -10 -19 2 26 21 -2 0 -4 10 27 -11 -14 -1 -21 -1 10 5 -11 -5 12 -9 3 2 -23 23 21 16 34 8 16 5 2 29 -9 -17 -8 -5 19 -29 12 2 -8 -3 10 8 -3 -5 -2 -17 0 6 8]
Round 93| RHF : 1.01228B[0] norm : 190.835
B[0] : [-20 -1 -18 12 6 -2 -7 3 -1 6 1 27 13 23 -2 17 -11 4 -1 -21 -13 24 -5 27 0 15 14 -11 -25 11 -2 28 -16 0 9 1 -20 -22 -14 12 6 1 11 -12 -9 -20 15 -36 22 3 28 14 -31 -6 -29 -17 -18 28 -1 2 -3 -4 27 28 15 -2 16 11 -12 12 -22 43 18 -1 -15 3 -32 7 -2 9 1 13 8 -23 -2 -9 -21 -9 4 12 -42 -6 -2 -1 -21 -10 11 -5 -28 15 0 -19 -7 9 -30 -10 -6 1 -7 26 -34 -2 -2 22 16 -10 -3 24 17 -34 1 -12 19 2 -2 0 -31 -1 -1 -37 17 5]
Round 94| RHF : 1.01393B[0] norm : 199.324
B[0] : [-22 9 -19 -21 -2 -22 -1 0 18 -27 -2 25 27 -11 -21 34 -42 -13 -14 -15 -12 2 37 6 2 4 -9 -22 -47 -28 2 8 -32 -8 6 2 15 -6 13 17 -8 -31 -9 4 -2 -14 -14 -14 20 -5 3 15 -28 -6 36 15 13 -11 -14 8 -1 11 -9 -21 13 -16 14 -29 -12 -18 18 4 4 -1 6 -8 -22 0 27 -18 -28 6 4 22 -20 13 26 -27 1 -2 -18 -11 -18 5 -15 -9 3 22 16 33 1 -2 -11 5 0 -34 -14 -6 -26 -14 15 5 9 -25 -2 14 -2 26 -18 33 -1 5 13 -11 -2 16 -1 -32 -25 -11 10 -13]
Round 95| RHF : 1.01306B[0] norm : 189.723
B[0] : [-21 -34 -18 11 8 3 0 -22 -8 5 -28 7 4 -21 10 8 -6 6 13 -25 -4 11 -20 16 -2 -12 -12 2 -6 -27 32 -23 -4 -16 11 22 15 14 -2 1 11 3 -12 5 22 53 -9 10 22 13 4 -15 15 -16 -3 -31 25 -17 1 15 2 23 12 -9 5 -2 -31 4 21 -21 8 6 2 -5 46 -14 -22 -2 -18 -21 -15 28 -20 36 -7 -11 -11 5 12 3 14 9 -41 17 -37 -33 14 0 -23 12 -8 10 1 2 9 -11 -7 11 16 -9 8 7 3 0 -8 -3 19 16 23 7 3 3 16 -1 -24 -15 11 -6 -4 -9 -3 18]
Round 96| RHF : 1.0121B[0] norm : 194.337
B[0] : [24 8 12 15 -5 21 -10 11 -20 1 -3 18 -6 16 11 -13 3 -8 11 14 -21 22 5 -12 4 24 6 -29 3 -12 10 -5 -7 -13 9 -11 -23 6 -13 12 -20 16 7 -11 17 -26 0 2 12 2 4 -32 7 31 -19 14 22 16 -4 -11 31 -14 -2 -9 -13 24 22 -23 14 -36 -2 27 -20 2 -1 -5 -29 2 -11 15 -14 2 -15 5 9 -12 13 -25 4 15 15 5 11 4 -36 -1 17 58 6 21 -16 -21 -8 -6 5 1 37 3 -5 19 -4 -23 -27 -24 -8 33 8 36 -5 4 -8 13 -12 -15 1 17 13 -8 2 30 -28 -25]
Round 97| RHF : 1.01269B[0] norm : 198.305
B[0] : [16 13 34 30 1 5 -3 -6 -10 0 -16 -16 9 -3 -24 -32 19 -1 20 -21 -15 -8 -6 19 -11 2 -12 10 -24 7 0 -22 -18 3 5 17 -7 7 -1 15 13 -4 -23 0 -9 -8 -21 -18 -19 13 9 25 18 -7 -7 -13 -3 3 8 7 20 23 -16 3 -14 4 -6 -5 -20 1 -12 11 -22 21 28 -23 -17 -15 -35 4 -19 12 -1 -46 10 9 -50 -12 20 19 6 -11 2 -24 -1 2 -2 9 -3 -6 17 -5 -20 25 -9 -2 -18 -8 1 13 35 21 -6 -3 14 9 5 15 -34 38 25 34 -13 11 -42 14 24 -11 -14 16 -16 33]
Round 98| RHF : 1.01205B[0] norm : 200.734
B[0] : [9 4 18 23 -21 -17 23 15 6 23 11 7 -3 -12 16 -1 -1 12 -16 -16 -27 -1 15 14 13 11 28 -14 1 -2 -10 1 16 10 -7 28 10 19 -10 10 35 -11 -38 1 14 11 25 -2 3 4 9 20 -22 9 -15 3 13 -28 15 18 -27 0 0 33 17 -7 -7 4 18 32 -19 20 31 -3 -14 11 -5 -14 -19 -11 16 -15 19 30 12 -1 -5 -23 6 17 19 6 -9 -30 13 -12 1 32 -39 -10 28 10 20 2 -23 18 9 18 -25 3 -2 0 -12 8 8 29 -25 21 -51 -4 37 14 -5 -2 23 -1 6 12 -15 -17 4 -30]
Round 99| RHF : 1.01282B[0] norm : 200.07
B[0] : [-25 -22 9 -21 -3 3 18 -4 -17 -12 -29 10 19 -12 1 19 27 4 17 2 8 -7 -8 -16 -19 4 28 16 -10 22 -7 -13 5 -22 32 31 -1 30 -14 10 3 5 2 17 9 5 3 -39 -6 -25 -18 8 24 -22 4 12 2 16 21 0 23 0 -16 15 -22 -14 7 -25 3 -29 -33 -10 -12 -13 2 3 -29 19 -17 -1 23 12 -25 -39 10 10 -23 -28 -7 -6 -33 0 -34 7 8 -17 17 19 -1 -4 -10 3 -33 22 -1 22 -9 -2 -11 -19 -3 19 -8 9 11 -14 -26 13 -20 -20 -9 4 -2 -25 9 0 -13 11 -48 -20 6 22]
Round 100| RHF : 1.01273B[0] norm : 194.72
B[0] : [29 3 -10 -11 -22 -6 -13 6 2 -29 9 2 6 12 16 25 0 -2 -9 -2 6 -28 -25 -18 -10 12 5 -16 0 -5 -7 -22 -23 11 -8 24 24 6 -19 2 7 -24 9 -6 10 -23 4 -32 -17 8 -47 12 6 22 -7 17 -27 -12 -23 8 25 24 23 16 7 26 -25 -3 17 8 6 -1 12 12 12 20 18 3 43 -9 -2 -35 36 24 8 -2 -16 -4 6 11 17 -4 -11 14 12 -13 18 13 -7 -25 5 -2 19 16 12 9 -13 -17 7 21 33 -5 -12 3 35 -2 -28 -10 12 38 -6 -15 -19 -12 -22 -16 0 16 16 0 1 12]
