Round 1| RHF : 1.0119B[0] norm : 181.992
B[0] : [2 -21 -8 0 -2 -2 5 10 -21 22 -22 -14 14 4 -19 -1 -6 -25 -18 -36 19 -12 -5 -9 -3 10 -34 24 1 -38 -3 0 -17 3 -34 4 -3 -17 -15 -1 -5 15 6 7 16 19 -22 -15 -6 -27 21 -9 1 -7 43 -19 -5 10 -10 -8 16 10 33 -2 -14 3 7 6 2 -9 24 12 14 -23 -11 -22 -8 -25 -28 -8 -7 7 15 1 14 12 6 -29 12 11 3 20 -23 -6 -34 21 -24 1 -8 -8 10 -4 6 -2 13 -22 32 3 18 -4 -5 25 5 -13 0 1 -14 1 9 21 -26 -8 5 12 1 -21 -4 -21 13 3 6 19]
Round 2| RHF : 1.0119B[0] norm : 174.344
B[0] : [-21 1 -15 19 -14 10 -1 24 0 -30 -1 -15 15 -1 9 -1 -13 24 13 10 1 18 -8 -32 2 -13 -21 8 5 3 -22 -9 15 20 17 -11 -19 -5 -12 14 33 -6 5 24 -16 -9 9 14 -12 11 -2 -13 5 -10 -16 -17 -15 13 -26 -19 10 0 15 4 -12 3 -9 28 -40 5 29 -13 1 -4 8 -6 7 1 3 -6 12 13 3 -1 -13 -14 17 26 6 -6 7 15 3 -17 18 -11 23 -13 -19 22 13 2 21 13 -18 -15 -23 2 -10 -7 -6 -19 20 1 -3 7 -4 6 -29 3 14 -7 -28 -17 -25 36 5 16 18 23 0 9]
Round 3| RHF : 1.01207B[0] norm : 168.033
B[0] : [-8 16 7 -10 -18 -8 11 1 -4 5 20 -20 2 -12 3 -4 -20 0 -2 17 1 -8 24 -9 17 -21 -1 -3 12 14 -2 -15 23 -5 6 -6 -5 15 1 4 -8 -31 33 -5 11 -5 -12 11 0 -13 0 1 0 6 -42 24 -25 -28 14 20 6 -11 11 21 -1 -9 -3 -20 -17 -2 27 16 -13 23 2 -8 11 -15 -11 17 -1 -3 -26 -13 29 1 -13 18 -22 13 -15 -2 16 -19 -6 12 -2 -3 -22 -4 7 16 -27 16 -4 -19 4 -5 -14 -26 -15 43 -14 -25 -6 6 18 10 18 -3 3 -10 -7 5 9 5 6 15 6 13 8 -3]
Round 4| RHF : 1.01258B[0] norm : 169.579
B[0] : [-19 -8 13 18 -12 -6 12 -8 3 8 31 15 7 -29 13 10 0 6 11 12 20 -21 11 -12 7 19 9 -34 4 18 0 9 12 23 -19 -10 1 27 22 10 3 2 -3 20 5 -26 -2 -4 -15 15 -14 19 -19 -20 -2 10 2 17 27 -2 16 -15 17 36 -1 -5 -22 13 8 3 10 -4 30 -1 -5 1 0 14 26 16 -19 -1 22 -2 -27 -6 5 10 2 21 -24 -4 7 8 2 19 22 -20 -9 6 -10 13 -11 3 -14 -11 10 13 -22 13 -14 -7 -3 4 1 -4 -1 -32 -12 -14 15 -12 -7 14 -5 -13 15 4 6 33 18 -6]
Round 5| RHF : 1.012B[0] norm : 179.385
B[0] : [1 28 3 12 26 -15 -1 10 -13 -13 -23 -7 -6 -6 13 4 4 9 -13 -3 -32 4 -3 -34 9 22 8 -11 -18 25 -29 -22 4 22 5 21 8 -8 13 -11 -9 2 14 -4 36 5 6 -21 4 13 -8 -8 -7 33 -37 9 6 25 -9 21 -20 7 -16 22 -7 1 4 7 10 3 -22 14 27 -9 14 -16 9 1 15 -12 11 -15 13 -20 11 -20 -16 9 -6 -8 3 -1 15 -15 25 29 -2 -4 -8 -26 -17 16 10 13 23 4 -17 -14 20 -12 20 30 8 -11 -10 2 -14 5 -11 -15 -5 -7 -27 25 19 -25 8 -5 11 21 -3 4]
Round 6| RHF : 1.01251B[0] norm : 183.967
B[0] : [10 12 -2 -6 0 -20 -4 -21 9 19 -5 -36 -3 -25 13 8 -34 -60 4 15 11 4 9 -12 15 24 28 21 8 13 -2 -5 -15 -5 -13 -32 -9 2 10 3 -34 -4 -8 -15 -38 -18 -22 -1 9 -17 -7 -6 -26 -3 -9 -15 4 15 14 -8 16 -45 4 7 -20 1 14 5 1 15 -9 6 11 -6 -16 25 3 37 2 -18 -18 -21 14 -2 -19 -8 -6 -13 13 12 -14 5 -8 1 -15 3 -28 -10 11 10 -9 -6 26 2 8 2 15 -1 23 13 27 14 2 6 -29 -7 1 -2 5 -17 -2 16 -10 8 -9 0 -3 11 -17 5 22 12]
Round 7| RHF : 1.01111B[0] norm : 171.744
B[0] : [25 5 9 -18 -6 44 -14 0 1 9 3 -14 6 -21 -12 21 -6 1 -12 -4 19 18 -7 -26 33 -14 -8 -6 -31 -8 -5 12 2 -12 8 -12 7 -14 11 -6 -10 3 7 -6 4 3 -30 10 13 7 -13 -6 -23 -1 -29 20 -9 -12 20 0 25 30 5 -8 -4 -39 -14 12 -11 -25 12 -27 -2 -7 -12 -1 12 -2 21 17 17 4 1 -2 54 11 7 2 -14 16 11 23 -3 -11 -17 13 -25 -6 2 -11 -6 1 13 1 21 13 -4 5 15 3 -7 -21 2 4 -27 5 -5 22 0 -3 2 7 12 13 5 0 -9 4 11 0 -6 19]
Round 8| RHF : 1.01275B[0] norm : 189.18
B[0] : [7 -19 30 -6 1 2 -19 11 -31 23 -20 -30 -10 -6 -4 -3 -26 35 -29 1 -14 -4 -25 29 13 8 -5 3 -2 -7 -16 2 -10 -21 -13 4 12 -5 -11 -1 -18 12 41 -18 -22 23 -4 11 -12 -21 5 28 5 4 -11 7 0 -6 8 -7 -4 -32 1 5 -3 8 -22 8 18 23 20 12 24 10 -6 6 11 22 -7 -26 -4 -8 -16 27 6 -7 8 6 36 -2 0 -27 -13 -3 -22 -4 2 -48 -13 29 6 -1 -12 20 -11 10 5 4 7 22 18 -31 4 8 36 2 21 5 -11 -1 9 -11 -13 -26 7 27 -8 11 0 7 1 22]
Round 9| RHF : 1.01201B[0] norm : 183.995
B[0] : [-27 19 -35 15 -5 -19 21 -26 5 6 2 9 3 22 -17 22 15 -13 -6 1 -2 -8 22 10 -2 -21 -12 17 6 2 -8 0 -33 -15 5 -10 -24 -26 -14 43 -22 -14 14 8 -28 -9 2 30 -1 -2 16 12 24 8 -9 -2 4 -17 -1 -10 1 20 20 -8 23 18 7 -19 -27 18 19 29 0 -6 -11 -22 -12 -5 -12 -17 8 -23 -20 2 -8 10 -25 -23 25 -5 -27 13 -9 -9 -23 4 6 -21 -4 -22 -4 5 -10 9 -7 7 8 30 8 -8 -10 -16 5 -19 15 -3 10 -17 1 20 21 28 -7 15 -8 -1 6 -17 8 -8 -12 29]
Round 10| RHF : 1.0121B[0] norm : 185.909
B[0] : [-27 13 -16 11 -18 -12 -3 -5 13 30 -13 -24 36 -31 7 -44 -15 -24 4 2 -18 -2 6 21 3 6 23 7 10 11 4 4 -9 31 10 9 -1 -8 12 25 18 -16 3 14 -16 -20 -17 -20 -10 3 2 -2 -1 5 5 -22 27 16 -22 0 30 -15 -23 3 -17 13 -41 -30 -10 0 11 -10 3 6 -2 5 -5 15 4 -18 22 7 -6 8 -10 27 20 11 9 2 22 5 22 -18 -5 -4 12 -13 32 -6 0 7 7 29 -10 5 22 -11 8 3 14 9 7 -32 -28 4 17 -22 -5 16 3 -12 -8 -2 -10 22 -8 11 14 14 -23 -24]
Round 11| RHF : 1.01192B[0] norm : 181.508
B[0] : [11 -2 15 17 6 -2 -12 -22 -15 -1 -3 -22 6 0 -19 10 6 25 6 -3 5 -12 16 35 -28 -15 -22 -15 7 47 3 -10 18 -4 14 15 26 8 24 -14 19 5 30 21 -8 -14 1 -27 -4 -41 -10 4 22 -18 15 6 -18 13 -1 9 -29 -13 14 16 -13 -23 13 -12 15 -27 3 2 -4 0 -11 14 -3 24 -16 7 -10 25 -16 16 -1 8 -20 -7 18 -32 -13 12 -2 5 21 5 3 -18 -6 17 3 5 13 12 3 23 -1 13 -14 17 -13 13 -24 -36 0 16 14 21 -19 2 9 1 15 5 -10 19 -1 -9 15 9 9 6]
Round 12| RHF : 1.01316B[0] norm : 200.547
B[0] : [2 -4 -4 -1 -6 -17 28 -27 -30 -4 -32 26 -17 8 4 -20 -16 -20 0 -8 -6 1 -1 6 4 3 -17 37 -10 13 -15 -15 5 -38 5 -22 -2 -12 25 -20 -28 -11 8 -3 2 11 22 -20 -20 -10 28 -28 -19 20 6 -4 10 5 16 -26 9 -5 -39 -39 8 18 -13 -23 12 -3 -6 18 -4 3 5 -2 10 4 8 -25 -8 4 9 9 -3 -22 -7 2 -23 -7 11 -8 -22 -16 -33 2 -1 8 13 48 -2 -32 30 19 -6 4 22 1 -5 -5 -20 -38 -23 -13 -18 -2 -12 32 -2 -14 12 38 -13 11 1 -19 -2 -4 -4 -24 -13 32]
Round 13| RHF : 1.01234B[0] norm : 183.72
B[0] : [0 -30 3 5 -47 0 13 2 -12 -9 -12 -19 -45 -7 18 4 8 23 35 15 0 12 0 -4 9 9 -1 -1 31 -18 5 -19 9 -9 -19 -2 -18 -14 -2 15 -3 -2 23 6 26 2 5 -15 35 -22 14 3 -1 -12 10 -15 14 -5 -31 26 4 12 -11 1 -1 -13 -15 16 -11 0 16 38 6 -7 -20 4 10 5 5 -8 -18 -11 -1 -28 24 11 -1 17 11 -11 8 17 -6 -15 20 -32 21 10 -9 15 -14 -9 9 -8 32 5 -8 23 -7 6 31 20 10 -8 4 13 17 -4 10 -11 -18 22 -4 11 7 12 8 32 20 4 10 -17]
Round 14| RHF : 1.01303B[0] norm : 193.357
B[0] : [-6 -2 -20 -3 -14 -20 44 -13 12 6 -21 -11 -11 16 1 0 -15 16 28 4 -2 7 -1 -2 -22 5 7 4 23 3 21 -20 -19 -5 30 10 -5 20 14 24 -34 -15 -32 -27 -10 27 22 43 21 19 4 19 -3 8 -9 -9 -5 19 -7 -17 2 -11 4 -1 -34 -7 2 0 9 27 16 -17 9 9 -1 -19 8 -13 1 -6 14 17 -55 -19 19 -25 5 -26 -4 -10 -25 2 8 -23 -5 -13 -11 -4 -14 0 -9 3 15 -1 10 27 3 -26 -4 -5 -7 25 1 -2 1 -38 -2 10 -22 1 -6 25 -17 21 -22 -12 1 12 26 -2 -4 21]
Round 15| RHF : 1.01263B[0] norm : 181.951
B[0] : [9 2 -3 27 16 25 4 26 -22 14 -9 -8 7 7 -8 -3 11 -11 7 2 -47 -21 -14 -7 33 3 6 -2 -5 -22 -15 -17 -6 22 7 16 10 -19 9 12 -6 14 -9 12 27 -20 -5 -5 14 -14 -23 -17 35 10 5 19 28 21 -7 2 -16 11 11 9 19 0 -12 7 -10 14 -1 14 1 -9 19 -7 5 -9 12 -11 6 29 -7 -21 -8 -12 22 -21 16 -5 13 -16 -25 11 -5 5 2 22 2 -6 -1 22 -3 -10 4 -2 22 6 6 25 -12 -13 -49 -33 5 -17 1 -18 17 4 26 3 -16 -12 4 -9 1 28 -29 16 14 14]
Round 16| RHF : 1.01179B[0] norm : 179.822
B[0] : [0 -39 -19 25 10 8 15 -8 30 -30 -15 6 10 20 -5 24 -7 12 -12 -10 33 -34 6 19 -8 -5 -4 11 4 30 -1 -10 8 24 3 -1 1 -25 25 10 10 -14 26 -18 5 -8 13 8 -27 -6 -9 -8 3 4 -13 9 -14 -15 -24 1 -8 -4 -14 3 12 -18 -10 26 2 -14 11 4 -7 -2 6 -18 8 3 -18 17 -10 -3 -23 5 13 -5 -21 -4 6 -12 24 -1 0 6 19 -13 22 -26 -1 -21 -20 -23 -9 -22 10 -12 -20 -40 6 30 -11 4 9 -13 27 -8 5 -15 -6 -1 -20 19 -28 -3 0 10 -1 -25 -10 -14 -5 12]
Round 17| RHF : 1.0133B[0] norm : 186.129
B[0] : [-4 -19 13 -19 17 -23 -32 -13 14 1 -9 -7 -14 10 -19 10 -16 31 -8 -6 -17 14 -16 8 9 0 -13 26 25 -22 6 2 3 9 3 -15 0 5 -9 -8 1 33 -5 -35 18 -6 -5 5 35 -36 -18 7 -15 -14 4 7 13 5 -4 -16 -1 -2 -19 -10 -12 -13 7 2 -27 -41 -2 1 10 18 29 -3 -14 7 -2 15 -14 -43 13 5 -7 3 35 5 -2 -13 -6 -14 -33 -29 -2 -21 9 -2 -18 -9 -1 -22 -28 -13 9 -5 22 -22 -1 17 -9 6 24 14 26 -5 -6 -6 -17 -8 5 12 10 -17 19 -30 -9 7 10 -23 2 12]
Round 18| RHF : 1.01309B[0] norm : 185.437
B[0] : [49 -24 -14 15 0 -15 -5 -22 15 4 9 -1 -30 -9 10 -5 -3 -4 -18 0 -13 -4 8 9 -5 15 3 31 -10 -17 -2 36 -20 24 -8 25 29 -15 16 -19 -28 -26 -8 -2 -11 -5 -13 10 10 0 -23 -29 -13 -31 9 5 -19 9 -11 -1 -2 24 -5 4 -10 -4 1 7 8 2 -4 -5 -22 -1 25 -4 0 17 8 14 -19 -11 8 1 12 18 -4 18 -8 5 -2 -24 15 -8 -12 -22 12 -4 5 18 -9 -15 13 -1 11 40 6 -9 -34 -12 -6 20 -2 26 -13 -22 -8 -2 5 -1 31 -37 1 1 -3 -6 18 -6 -34 -6 -5 35]
Round 19| RHF : 1.01202B[0] norm : 175.659
B[0] : [14 -15 16 -23 5 28 4 14 -15 17 -10 10 -28 1 -14 -15 52 -28 -1 27 -39 -15 10 -2 18 -8 16 20 -8 -14 10 -5 3 6 -5 18 17 0 10 -10 41 9 -3 6 12 8 30 -3 4 -3 7 -10 16 7 -6 -10 24 -27 -7 -2 -41 29 -13 16 -4 -20 -2 1 5 5 18 -12 2 -18 -10 -2 6 -2 -14 -8 30 19 8 1 3 -26 6 3 11 16 3 11 -7 -6 -2 -1 8 -13 32 3 8 8 11 -7 2 0 4 -33 6 -23 10 -1 -4 -3 5 -3 16 10 10 7 -25 -14 3 -17 -7 -27 0 -4 4 -8 16 -3]
Round 20| RHF : 1.01098B[0] norm : 168.119
B[0] : [1 14 -27 12 2 -5 -1 -7 9 -11 2 -9 23 35 3 -18 -6 -37 -9 31 21 -19 2 4 -23 12 -14 15 -15 -5 -4 8 11 -21 -18 18 0 -14 -12 -1 -5 30 -16 18 -24 -6 -15 -25 -15 2 2 24 19 7 21 4 -1 5 -19 34 -20 7 -10 22 16 15 25 -11 8 -7 17 -2 -9 11 -6 6 2 14 -11 12 -13 -4 -11 -21 -18 11 0 -5 -12 2 23 16 -6 -17 8 25 29 -4 -16 -9 12 -4 -13 13 7 -11 10 -2 1 -15 8 -11 2 2 -23 6 -10 3 20 -2 -3 -1 -20 -19 23 -12 -11 -12 -2 5 21 10]
Round 21| RHF : 1.01238B[0] norm : 189.652
B[0] : [-2 20 -15 -20 -26 8 4 -9 9 -9 -2 3 0 -14 -8 7 18 -13 -7 -1 31 9 -24 1 -8 -24 -17 0 26 -1 10 -22 -3 8 41 -14 1 8 5 16 25 -6 0 -12 6 24 20 2 33 4 9 -15 1 6 -12 12 -1 -22 42 2 13 -12 -11 -10 -11 27 -10 -5 1 -11 -7 -28 -25 -4 28 -16 -5 23 -14 -3 -19 32 -28 12 18 1 22 17 5 25 15 16 31 41 10 -23 22 2 13 13 -9 1 -32 -18 -4 11 -6 -23 21 6 7 -13 -3 -3 6 -24 -17 20 11 -17 10 11 -27 -12 -16 -13 4 9 -12 24 25 -10]
Round 22| RHF : 1.01231B[0] norm : 188.719
B[0] : [-7 15 6 6 0 -36 -6 36 -5 -13 13 -11 31 6 -8 13 20 1 -18 -1 13 14 -20 18 9 -13 -38 37 14 -11 14 -23 15 16 33 -9 0 -5 3 9 -14 4 6 -11 17 -11 0 -10 -5 3 -5 22 16 -19 27 3 10 -4 -9 -3 -28 35 16 4 5 14 -1 -9 -32 12 7 -16 21 8 18 35 4 15 -8 36 5 -5 -42 -9 -2 -15 -10 24 10 8 -21 0 5 0 18 21 15 19 -13 -6 20 14 5 7 -11 -11 -10 15 -21 19 5 -2 -6 15 -12 28 -6 20 28 -14 -5 18 -3 -4 -15 -6 -24 -29 -17 23 -4 1]
Round 23| RHF : 1.01189B[0] norm : 174.479
B[0] : [-2 -5 -18 -6 -40 1 28 -27 -2 -20 -8 -2 1 0 31 -1 37 7 21 20 -5 -8 -1 2 9 -14 7 -13 -7 -1 2 25 -11 21 9 16 -23 -16 -31 18 4 0 1 -1 5 -13 -24 18 -11 -10 -12 -3 -11 10 16 -13 -2 11 -4 5 -4 -3 -31 -25 -27 -2 -11 0 -18 5 13 -19 13 17 5 -36 14 -14 -10 -6 19 -6 -18 -21 8 -20 -9 38 10 -5 -38 -6 0 -5 0 1 -18 -8 11 -22 17 2 0 -10 -6 -1 1 -3 17 -6 -26 -7 -6 23 15 8 1 -5 -2 7 14 -46 -6 5 1 2 3 5 -7 16 8 -9]
Round 24| RHF : 1.01325B[0] norm : 191.622
B[0] : [12 6 23 7 -13 0 29 -11 0 8 -21 -15 -15 27 -21 -35 24 17 -6 23 -6 6 1 34 -4 15 -7 -3 11 8 9 -10 -29 -19 -12 -6 11 -27 -16 23 -16 5 -9 -12 -2 -6 -6 4 -17 3 -4 -8 0 20 -21 -7 18 -1 32 -17 -24 5 -9 38 -12 -4 11 2 -8 -5 4 -7 16 2 17 -15 -43 -1 -40 -16 4 -45 -6 -34 9 5 -25 0 -1 -14 -7 -30 -5 -4 17 17 3 -16 -2 -29 -19 13 18 -17 12 13 23 -38 -3 7 3 2 9 -2 -7 2 -21 15 -9 -16 14 21 14 23 18 3 -3 -8 17 21 -6 -24]
Round 25| RHF : 1.01181B[0] norm : 181.433
B[0] : [-2 9 0 29 -16 -2 11 -6 -5 18 -29 1 -1 19 5 -28 -15 15 21 -22 -4 -2 24 15 -29 12 24 8 2 -9 -13 -15 14 18 31 -6 -17 -16 1 7 3 -5 7 -12 -2 -2 -16 19 -1 -6 23 13 -1 13 2 -3 23 -30 -8 16 11 28 -17 9 25 -4 11 -38 16 1 -2 -36 13 -24 14 16 22 -16 12 -10 -16 -5 -6 19 -2 12 -9 28 13 9 33 -22 -1 2 -4 -13 -1 3 28 -5 4 1 -1 -19 6 -2 15 18 0 -5 52 11 21 -4 13 6 -4 -5 -2 8 -29 0 -15 27 11 17 6 -3 -18 -2 7 18]
Round 26| RHF : 1.01201B[0] norm : 180.48
B[0] : [-1 7 -23 -17 1 -10 -3 -9 -33 -2 -26 -8 -10 0 6 9 20 12 13 -33 21 -2 15 1 22 18 -10 21 -17 9 -17 -7 10 -4 -2 -13 -27 17 3 10 20 12 14 -11 -17 26 21 2 -41 4 -13 4 14 11 1 -27 0 6 -9 34 -1 -24 18 9 15 -7 -5 -5 -10 -17 1 13 -13 -18 44 -15 -5 0 11 -1 3 27 -13 -1 -8 -28 -10 22 -9 -23 8 12 -4 3 23 15 16 -10 7 28 -4 -28 37 1 -14 -26 -2 -9 23 16 0 -2 6 11 15 13 -20 -7 -13 0 -21 -6 -16 0 13 29 -1 -3 -10 -13 11 -5]
Round 27| RHF : 1.0127B[0] norm : 190.969
B[0] : [9 6 41 -16 -4 -8 -15 29 20 -21 -21 5 -8 18 2 -24 -22 16 -3 23 -4 -1 -17 32 -2 -15 16 9 -25 2 -11 -24 -12 11 7 -36 -33 19 -14 -17 -6 0 -12 19 -20 -33 -2 17 12 8 32 -16 17 -31 -15 -31 -9 -5 -15 25 1 -12 -1 -8 3 -9 0 23 -1 -7 25 -13 11 -19 -7 6 30 28 3 19 -10 -6 -5 3 -3 17 -11 9 14 13 9 2 14 -12 5 5 -12 -13 28 -21 -31 7 -13 23 12 -22 17 12 -2 4 -6 -10 -8 -13 7 -2 -20 11 21 -13 8 20 -10 4 -14 14 4 -8 -8 -4 53 11]
Round 28| RHF : 1.01198B[0] norm : 184.377
B[0] : [5 10 20 28 6 10 27 -19 10 15 17 11 -21 14 -5 16 -25 -20 19 34 33 -3 1 -6 22 5 -2 -18 -12 3 -13 3 -13 3 7 -8 -22 -26 29 -29 4 -6 -36 0 3 15 -6 1 -11 19 0 5 6 13 22 27 4 5 -25 -14 5 -20 -5 -21 12 2 -9 -10 -22 18 -1 22 -5 -3 -16 1 -16 -26 -8 17 -17 -9 30 -20 -23 -6 -1 -1 20 -14 18 -12 -28 -4 -2 -30 6 -38 -21 12 8 10 -20 -4 -5 -9 7 9 16 16 4 -3 -4 18 7 16 -32 19 2 2 -7 -12 -6 -5 29 7 14 3 -17 35 -1 -3]
Round 29| RHF : 1.0126B[0] norm : 169.561
B[0] : [5 9 1 -20 -27 32 -14 -19 2 -2 11 24 7 8 16 -4 -6 7 2 11 -19 -23 -6 -30 6 -12 -15 -24 -18 9 -13 8 7 8 -1 -11 7 12 -6 26 14 -6 -7 21 -9 -17 -10 14 16 17 27 30 7 2 -28 30 -13 -12 3 -6 3 13 3 -13 -18 -15 -34 -16 5 8 3 10 -3 21 6 5 -14 22 1 -21 -7 -3 11 25 -10 6 -15 -1 -2 36 -3 29 -10 6 -2 4 16 -9 -20 -12 -22 -4 -13 0 -22 8 8 -1 9 -16 -22 -11 -4 -11 21 10 -1 -15 -2 20 -1 -8 2 -8 -2 7 23 17 -16 -33 1 3]
Round 30| RHF : 1.0111B[0] norm : 167.317
B[0] : [10 -16 -20 2 -31 -15 12 1 -13 6 6 6 18 -5 16 17 1 0 14 6 18 -13 8 -8 4 -11 12 -1 5 11 -15 5 -2 17 0 17 -9 -12 18 7 3 19 6 14 13 -6 -16 -1 -50 -7 -9 -33 19 -23 -5 -13 11 -3 10 5 -7 -11 22 18 -3 6 24 13 -17 -8 0 6 -16 -16 20 29 15 -11 26 7 -1 -13 4 -17 3 -19 -6 14 -3 20 -10 12 -24 -2 -21 -5 -12 6 0 -5 18 -14 -8 24 -2 14 -4 14 13 22 -4 23 -1 -5 17 -11 9 -7 -17 -22 -15 24 -16 -18 -7 14 0 32 18 -1 23 18]
Round 31| RHF : 1.01173B[0] norm : 180.754
B[0] : [-9 8 4 26 36 -13 11 15 31 -21 -10 19 27 17 2 -9 -6 8 -20 -2 20 -9 2 11 -8 -4 16 9 7 1 9 17 2 -45 -21 -22 17 -8 -9 -4 -9 -15 -6 -3 -10 -3 -12 32 14 -5 -25 -10 -2 -27 -14 0 -10 -9 15 12 -9 5 -11 9 18 -17 35 6 -13 9 8 28 -12 20 -2 -24 -20 -22 7 7 -24 12 -35 -12 -17 -9 -5 -21 2 4 19 4 2 11 -14 3 15 12 9 19 -13 -11 17 -11 -9 -28 8 23 12 18 9 -25 -15 -2 -13 11 9 17 -8 2 -16 18 -27 -24 4 33 -7 -4 14 0 16 -3]
Round 32| RHF : 1.01137B[0] norm : 182.8
B[0] : [28 -3 -2 -17 4 -39 -3 10 13 -2 -5 3 -4 15 -23 6 -17 28 3 -6 -18 -23 16 -25 5 -16 9 -32 14 2 0 -11 -6 47 -14 -4 28 25 -3 -20 -5 10 -31 -5 -6 28 20 30 -18 3 -9 -2 9 1 -18 22 -12 -19 -5 16 -1 -11 -18 10 6 18 15 -30 -1 -17 -11 5 17 -30 -12 0 19 -20 -12 16 6 -5 6 26 -1 27 13 7 -4 -13 -23 28 -1 10 12 12 16 16 -11 -17 9 -26 -16 29 -4 2 12 10 -4 -9 10 -14 14 5 9 -21 -4 17 26 2 -17 1 19 12 -8 12 1 -1 -8 15 -22 2]
Round 33| RHF : 1.01168B[0] norm : 165.496
B[0] : [6 -9 24 5 18 -7 -15 0 6 22 27 16 16 -12 -13 0 14 24 -11 3 -1 -6 13 -8 -9 1 -11 -15 11 0 -26 -11 8 3 15 -6 1 6 -9 0 15 -11 -3 -8 -5 17 -7 5 -19 -15 27 -7 -9 -35 -11 -3 4 4 -26 -29 -10 21 13 -25 -23 4 -8 18 -17 12 4 -1 -6 15 0 -4 2 -18 26 14 17 -22 -2 7 5 -6 -4 9 -1 -11 1 5 -6 8 15 29 -5 -4 -3 -9 -7 10 -6 -19 -22 17 -8 -34 9 13 20 12 -26 3 -23 22 7 -19 -28 -25 34 -3 -3 -19 -4 23 -1 -4 14 5 0 -9]
Round 34| RHF : 1.01077B[0] norm : 174.152
B[0] : [-11 -11 -22 32 3 11 -16 29 0 -1 18 -1 3 -12 -25 28 -6 23 1 20 -5 15 -1 22 -5 -1 -6 -14 0 -8 0 6 6 -8 -1 -8 -2 1 -7 6 4 -4 8 6 31 13 35 -9 22 7 26 10 -6 22 11 -8 -26 10 -8 -1 -21 -4 5 -17 0 10 -1 -11 32 -8 -18 -11 4 -11 10 19 15 21 -11 1 7 21 -18 12 23 21 8 13 22 4 16 13 -32 -19 14 1 -13 3 -1 -4 -14 9 -5 2 -14 20 -32 6 4 -9 36 -31 25 -21 15 15 24 -19 0 15 -15 -3 -5 -18 6 -2 -4 -3 -4 21 23 -18]
Round 35| RHF : 1.01227B[0] norm : 181.168
B[0] : [-18 -21 19 -10 20 -16 18 -2 -1 12 24 -13 -2 5 -23 12 11 8 0 -16 -18 -4 -7 -6 12 3 -30 11 3 0 -11 22 8 -10 7 -14 -27 -2 9 -18 33 -37 -11 2 16 5 -4 -3 13 13 -7 -17 9 23 -8 -23 -1 -19 -2 -28 7 -38 9 -15 -35 -17 -8 22 0 0 6 -20 14 -6 -37 17 5 -7 0 8 44 7 -23 18 -18 -26 8 18 27 -8 -1 -4 -20 -2 -10 -8 -7 13 3 13 0 -9 6 19 -19 16 4 18 -2 -15 -19 10 -1 -14 -30 20 -18 -10 0 10 -15 -1 2 3 8 7 -9 -6 -14 24 30 17]
Round 36| RHF : 1.01159B[0] norm : 178.558
B[0] : [-9 -14 0 -9 3 15 13 4 0 34 1 7 -21 13 -10 -10 -11 -4 -1 17 10 11 -18 -20 -8 -10 7 -2 -4 19 -30 -12 -1 3 4 -7 -12 17 -9 0 22 4 -11 -3 -30 22 -6 19 7 -49 23 -9 17 -1 17 17 -6 10 -9 14 18 13 6 18 6 8 -6 -8 -12 22 41 17 -8 4 -17 21 -13 3 0 11 8 -28 8 -16 -14 -16 21 23 15 -9 31 -3 22 5 1 10 1 -11 -4 7 16 24 14 -22 16 -22 -12 -33 -16 -19 -9 -4 -14 23 -5 11 18 16 2 -21 15 -22 6 9 -6 -2 -25 -20 -1 28 17 -16]
Round 37| RHF : 1.01242B[0] norm : 185.003
B[0] : [7 29 2 6 -11 -3 -10 -9 5 8 -22 -5 -20 21 8 -2 -34 2 -11 13 25 -38 -14 -29 -3 -16 -11 0 -2 17 7 -4 11 -13 -19 11 15 -28 6 7 16 -4 20 -1 -12 15 20 4 -13 -12 29 -9 36 0 -7 1 9 1 -10 -3 -6 -24 26 2 -11 1 8 -15 -17 -24 -27 3 -1 -10 9 6 1 2 -15 11 -22 -11 -10 -24 -27 -1 -29 25 4 -27 -3 -35 -23 -13 8 13 1 6 23 15 -9 43 -3 16 2 5 -6 37 -23 -6 2 7 7 -7 14 -11 -4 14 -14 -56 -1 -5 -1 11 -13 8 -3 -10 -17 -2 -6 -2]
Round 38| RHF : 1.01265B[0] norm : 182.768
B[0] : [28 0 42 36 12 10 -4 -6 19 25 -3 -13 7 24 56 -15 -11 5 -5 -18 -17 -10 -10 -17 19 2 3 -24 -3 -3 1 3 -11 -3 -8 -1 31 29 15 -37 -17 14 -17 11 -7 -9 4 3 -16 21 -4 14 14 -18 -22 3 -41 14 -7 -17 -5 -1 -5 -10 15 3 2 -18 -7 -2 0 -14 -16 26 5 -5 5 -32 -8 8 -9 -6 1 -24 -11 -5 6 -3 -8 1 -13 -26 14 -4 4 2 8 21 -21 4 -15 12 10 -3 -37 10 -7 -15 11 -15 -21 -34 3 11 -35 0 -17 -16 4 9 -5 12 6 -12 9 -2 11 -3 -13 1 -8 -4]
Round 39| RHF : 1.01315B[0] norm : 188.873
B[0] : [-11 17 -15 -3 0 5 -14 21 3 15 14 19 -23 -31 -1 -14 -2 -34 27 -2 5 25 40 -10 -9 9 18 5 -5 13 -28 -12 -8 17 6 -21 2 6 -1 19 17 2 -9 2 -15 -42 -13 21 11 -28 9 -13 45 13 -14 11 3 -7 14 -3 -4 10 -21 -16 29 16 -9 17 1 -19 -19 -2 -6 4 18 9 1 -16 9 13 -4 26 -4 9 13 -8 14 0 -12 20 6 -14 -1 12 -5 11 30 -5 -13 -23 14 -33 -2 -5 -6 -14 -3 21 8 -7 1 14 13 49 -7 14 -11 -18 -10 7 10 -5 -41 11 -32 -4 -8 26 0 3 -22 -9]
Round 40| RHF : 1.01203B[0] norm : 181.37
B[0] : [-16 19 5 30 -7 -6 10 15 -10 13 3 7 14 -28 35 -4 8 -32 11 -17 -4 20 11 -20 16 10 -11 -23 32 9 5 -3 -15 -16 16 26 12 1 -16 7 -2 5 14 4 -11 6 -11 -20 1 4 31 55 -29 -4 13 -2 -2 22 18 7 21 25 2 7 25 -33 -19 -9 -25 -7 21 15 -6 -15 20 22 -5 8 -8 7 -3 22 14 -5 4 9 3 1 -4 -8 13 -8 -28 0 3 -10 -4 -21 -14 7 -7 10 -33 9 3 -6 16 -4 4 26 35 -2 1 -15 4 0 -11 19 -2 -24 -11 -15 -22 2 -12 19 -3 3 -10 0 3 -11]
Round 41| RHF : 1.01233B[0] norm : 178.913
B[0] : [12 -23 14 1 -13 11 -18 11 -20 25 -7 21 -23 -6 -15 -35 21 10 -8 -1 0 8 40 17 -20 -27 11 11 25 22 -7 -21 -4 15 4 4 0 -20 2 -11 3 -4 -13 20 -15 -5 -3 12 20 29 -8 -12 7 18 11 3 27 0 -24 3 17 -9 4 -3 6 -42 -10 -1 -21 22 -4 14 -21 -2 -25 6 -3 -18 25 -1 0 1 12 -9 -10 0 -13 25 -6 6 -1 12 -7 40 7 7 -4 -2 14 4 -5 13 12 -25 7 12 1 21 -4 13 34 -15 4 -18 8 12 17 5 18 5 -17 -7 -22 5 25 27 6 16 -23 3 8 1]
Round 42| RHF : 1.01227B[0] norm : 178.202
B[0] : [12 -3 32 -22 25 0 -8 7 -7 -6 5 -10 9 17 0 -15 -1 17 5 26 8 -7 -15 -3 18 13 -20 -16 23 -7 1 -15 -6 -5 8 0 13 7 7 -15 -11 -29 10 -8 14 -24 0 4 -33 4 -7 -6 16 -3 10 -3 26 -1 13 1 -1 -19 -38 -4 -30 -2 7 -21 -30 -27 11 16 22 28 -8 -10 8 21 -3 1 16 20 -18 -13 12 -5 -3 18 30 7 1 -1 -6 -14 11 23 16 20 2 13 -21 30 12 6 17 7 -18 22 -51 -4 8 8 15 -7 -3 -18 3 2 -1 13 -14 -7 -7 -7 -1 30 -30 -6 -7 -3 -19 -6]
Round 43| RHF : 1.01216B[0] norm : 179.262
B[0] : [28 14 3 -4 -17 -1 15 -5 12 10 -21 8 -40 -14 -25 1 34 -20 -8 10 -30 -42 -3 -10 -20 3 23 14 32 13 -10 15 1 -4 10 -12 -15 -25 -14 -4 29 14 -42 20 6 -11 28 19 21 15 12 16 10 10 2 -4 4 13 -16 -6 -16 0 -17 21 -10 -19 1 -8 7 4 20 -10 12 5 -6 0 -18 13 -3 -7 10 11 18 31 2 -18 14 2 11 -9 -9 0 -2 9 -20 -6 -3 5 -12 5 7 -14 -37 14 -18 -8 -18 3 1 -18 -5 5 -17 -4 -1 -21 2 13 -13 0 -4 -6 20 29 17 18 10 -9 -14 -23 2 0]
Round 44| RHF : 1.01305B[0] norm : 185.17
B[0] : [5 0 9 -10 -12 19 13 -6 9 2 30 15 -16 12 20 -9 18 -15 43 7 0 -14 -6 -3 13 -6 26 -6 -1 -4 -15 23 0 -7 -22 32 1 -8 -8 22 2 -9 6 -17 7 -28 2 1 38 -21 -20 -16 -36 4 -7 23 -13 -22 23 -13 19 11 12 18 23 -20 -28 -9 6 -8 6 0 10 26 -3 17 -1 3 11 -24 3 8 8 14 7 4 -20 -5 15 -16 22 30 0 -16 4 -10 19 -2 16 17 14 -10 -14 1 -10 -12 1 -21 -1 5 -41 -14 16 -24 10 -20 21 -24 -3 8 0 0 -6 -26 26 12 19 26 6 -30 7 -4]
Round 45| RHF : 1.01234B[0] norm : 178.737
B[0] : [3 -18 -3 -6 20 21 -15 28 8 -15 18 12 -8 6 -13 -19 1 -3 -4 14 -24 28 -13 -4 13 15 -6 4 19 -29 4 -14 -11 -6 2 9 -14 -8 0 -3 2 -30 -2 -14 -32 -8 -1 6 32 -3 6 -14 5 -16 13 -34 24 -28 5 7 16 4 23 14 10 -16 -15 20 10 -1 -31 12 -7 7 10 25 27 2 5 19 26 -12 -7 22 -15 20 0 9 7 1 13 30 -11 7 18 -18 24 -9 20 -29 -16 33 11 6 -7 4 -14 8 8 10 3 -12 7 3 -22 -13 -12 -31 -9 8 27 11 22 -5 6 18 -2 8 10 6 6 -24]
Round 46| RHF : 1.01235B[0] norm : 182.943
B[0] : [-10 -6 -10 -1 -6 2 -8 -16 -4 -20 1 4 3 -9 -1 3 -14 1 2 14 11 3 4 -19 -22 -21 -41 17 2 10 0 17 18 7 2 -26 20 12 27 -7 -34 10 -1 -13 15 -2 -15 20 -13 -4 3 4 -12 9 4 -1 -7 41 8 -10 -25 18 10 -2 15 13 2 17 -8 16 40 -16 -14 20 5 -4 -27 -22 19 -18 5 8 32 5 5 18 9 11 18 -19 -10 8 8 -15 14 -1 -18 27 18 4 -12 -9 0 -7 45 -26 19 7 -9 3 -14 -23 -7 3 -9 -13 -12 41 -9 -32 -14 16 2 9 3 21 -23 -24 -9 21 0 15]
Round 47| RHF : 1.01162B[0] norm : 170.687
B[0] : [-6 8 -4 -27 27 2 -1 -1 9 -14 -17 11 -5 -21 6 2 1 -13 5 10 -28 -13 23 25 0 8 -4 -17 11 -15 15 -4 18 -12 7 14 16 -3 -20 -11 19 13 -7 -20 -5 -40 -21 -2 -5 -18 2 -38 -1 -10 -13 -22 -12 5 -15 2 5 -20 19 -13 -4 10 -10 -27 -15 14 9 9 -8 4 17 -22 2 -7 -7 -5 1 16 1 -4 24 -23 9 -15 7 7 -13 8 -27 -27 6 43 -19 -7 7 -25 -16 -1 -1 4 11 11 12 -7 -11 -3 22 4 -4 -17 -9 -19 13 3 15 -10 10 1 -19 -8 12 7 -13 29 31 16 -7 4]
Round 48| RHF : 1.01276B[0] norm : 183.497
B[0] : [-3 -10 -23 -21 -2 -15 -13 10 5 -11 -4 0 -2 2 10 8 11 -6 -4 -14 10 26 -3 -42 -24 -26 -19 -32 4 22 11 14 29 -29 5 -10 14 3 6 -9 -21 11 -31 2 -12 -20 -24 3 18 10 21 18 -6 -6 -31 0 -13 -17 -12 -2 -28 -2 4 -17 4 10 -5 -25 9 -10 -20 -10 6 -10 -26 29 -37 28 8 13 -5 -13 -6 -8 3 12 -26 -14 5 24 7 28 1 -11 27 22 -5 -1 -15 24 -2 11 22 7 -7 -8 -6 -16 16 26 7 -3 -8 -17 -11 -2 -11 15 -2 0 13 34 -3 15 11 14 -8 19 -28 -1 17 5]
Round 49| RHF : 1.01168B[0] norm : 175.713
B[0] : [-3 5 -3 9 -4 28 6 1 -25 10 0 -15 0 -12 -12 12 3 -16 -9 22 -24 -3 -4 -13 13 -11 -7 1 -21 1 -22 -22 -8 28 17 -13 5 -8 -1 -14 -5 -19 -1 -10 -5 -9 -14 4 1 -12 0 -22 10 -5 -5 44 13 3 14 3 -3 6 1 -19 22 -11 2 -2 -12 -21 -28 -5 0 1 -34 4 28 -8 2 -6 -30 -24 0 16 -17 15 -14 25 2 -20 3 -22 -25 -3 -5 7 21 1 -19 -1 13 -7 13 -18 -10 -10 -33 8 -12 -6 -4 24 17 12 -2 41 25 15 2 -5 -13 -10 -16 0 -13 -22 9 -23 36 -11 -13 23]
Round 50| RHF : 1.01208B[0] norm : 184.843
B[0] : [-12 -12 18 -13 0 0 -35 13 13 -3 -7 -1 -2 -12 -9 -30 -22 17 21 33 -14 -17 7 4 29 8 -4 4 -17 20 6 3 5 16 5 3 8 -10 -27 -22 -17 -3 3 -1 7 8 -6 15 -11 -18 -7 0 11 24 -2 -18 -12 19 26 -31 -12 -17 12 -24 5 -19 -6 14 -9 -3 14 -1 -7 -30 -28 3 -20 31 -6 -9 49 -7 9 -7 -5 15 4 -10 -26 14 -40 -5 21 -14 2 -12 -5 31 -3 -10 -3 -22 31 -4 -20 27 -28 14 -8 11 8 -26 -10 6 29 -4 1 -10 -14 1 -1 9 12 -28 -9 -3 -7 16 -9 0 5 13]
Round 51| RHF : 1.01192B[0] norm : 185.534
B[0] : [-7 -13 5 5 8 2 -10 -6 46 14 9 19 -6 0 -10 12 -5 13 -2 -10 10 6 9 14 9 2 -28 -26 25 0 -4 7 21 -24 -24 10 22 -10 17 -17 -23 8 9 19 -18 -17 -2 -24 25 -9 4 -12 -11 1 -5 2 20 -6 -11 -4 -2 -18 -15 -7 -12 22 -5 -7 10 -5 -25 -6 16 20 6 -1 16 -28 -24 13 18 -2 -8 -22 12 17 12 20 -4 22 21 29 -5 8 -25 -1 12 -5 15 6 -18 -2 -5 9 -7 12 -16 -41 -18 42 5 -1 -13 -4 18 -13 3 36 -16 6 -21 -20 15 4 -20 -27 -24 -28 7 -12 -33 -12]
Round 52| RHF : 1.01138B[0] norm : 165.43
B[0] : [-4 -25 33 -8 5 -6 -9 -9 3 17 0 25 -8 -9 -10 8 3 9 -25 11 -7 -35 1 31 -26 10 14 21 -12 5 -4 40 -2 34 8 6 -7 -12 -6 4 1 -10 12 5 -14 -11 4 26 -14 28 9 -12 -4 5 -3 8 -15 12 16 -11 16 -3 -14 13 -4 3 -3 8 30 2 0 8 13 -13 8 -5 -8 -5 6 2 -23 20 -4 10 2 -4 27 -13 19 -24 -16 -6 24 5 -9 -7 -3 42 13 -24 15 -17 6 5 13 9 14 -2 9 -8 2 0 15 10 -10 -8 15 -5 -21 18 19 -11 1 2 -11 11 18 -7 8 2 17 13]
Round 53| RHF : 1.01237B[0] norm : 197.487
B[0] : [-4 -19 18 0 4 0 -30 11 -7 -8 5 8 -20 7 9 6 6 15 21 -2 -14 -16 1 16 6 -14 12 6 14 21 -13 -10 -4 -19 12 23 -23 1 -7 -21 -3 -10 20 12 8 -1 0 -25 6 -7 -10 8 -1 25 -5 -15 -7 33 9 4 12 11 -1 18 -22 0 -16 -30 18 27 31 -3 -6 -4 20 -8 -1 43 -6 -2 17 10 5 35 27 -18 16 1 38 -18 -27 5 -33 13 18 5 18 12 1 8 -18 -24 26 23 23 -10 26 -7 -18 -9 23 8 7 -22 -10 24 -27 -10 -4 -6 -11 -2 15 16 14 -71 -5 26 15 -13 -3 15]
Round 54| RHF : 1.01197B[0] norm : 183.134
B[0] : [29 5 8 15 -13 -14 12 30 15 -3 -3 20 -16 12 1 18 -12 -11 0 -29 -1 19 -19 -5 8 -31 -14 -15 18 -18 -28 -7 -17 -7 36 -9 11 -17 -27 9 17 11 -5 1 5 -10 -2 -19 5 31 -19 29 9 -5 -13 -5 5 10 0 -8 -15 7 7 16 1 -7 -1 -8 9 -30 -3 -7 17 -12 -13 11 19 23 -12 7 -7 5 6 -4 -21 13 0 -6 -19 12 -43 15 12 -30 15 24 5 9 2 45 -4 4 4 10 2 -1 1 2 -6 -30 -22 -1 25 6 -14 -30 5 -13 23 -9 2 34 13 -9 5 -4 20 -22 21 -4 -1 22]
Round 55| RHF : 1.01233B[0] norm : 191.052
B[0] : [4 1 -9 -18 21 -11 -18 -2 5 15 7 5 6 -4 13 5 21 -2 16 -36 24 1 -35 22 31 16 20 18 35 -27 8 8 7 28 16 20 -2 27 4 -2 -20 -11 2 -28 1 -9 3 2 -6 -2 -1 12 -7 3 11 -1 -6 26 10 -4 -13 29 -18 15 -34 22 6 -21 -7 12 -25 11 -39 6 -17 5 24 2 -10 -8 -29 42 -9 -8 -7 11 -16 9 -3 44 -3 23 -20 -2 -8 -11 -9 7 18 27 6 -9 26 -15 4 22 -18 -7 4 10 6 -13 -21 1 -6 7 2 -9 -5 -4 -3 -6 -19 -9 15 38 -25 -18 3 -20 17 -8]
Round 56| RHF : 1.01232B[0] norm : 195.366
B[0] : [8 0 1 -1 9 -17 8 -10 -17 -22 -24 11 32 8 -2 5 0 -22 -14 2 31 7 12 -12 -3 -40 5 -29 8 12 12 16 -28 -3 0 26 8 10 -24 24 9 -12 -15 13 3 -30 -21 -11 -24 0 0 -32 -1 -7 6 12 -11 6 8 1 -7 -12 7 19 16 9 -6 3 25 19 -31 4 3 -6 45 -24 -18 17 -7 32 -17 15 49 7 14 -35 7 -34 5 -11 21 6 9 -15 11 -22 12 17 -16 -14 -1 0 -17 -32 27 13 -8 -11 2 -3 -4 -3 -29 -14 -16 9 -12 25 1 8 -18 16 -8 -11 -6 14 11 30 -19 -23 10 -7]
Round 57| RHF : 1.01269B[0] norm : 194.643
B[0] : [29 8 -29 12 -3 -18 3 -15 12 5 -4 4 2 20 18 -8 3 -9 -27 -17 14 5 -12 -7 -35 3 28 -3 -26 2 -26 -30 3 -7 -14 -7 6 14 -9 -3 22 25 4 -3 6 10 -13 29 0 24 -8 4 2 -17 11 -8 10 -22 -2 -8 -7 -35 -1 8 -9 -11 -3 -9 -6 25 17 -2 14 -38 8 17 12 -1 -18 -12 25 20 -2 -11 -22 12 3 20 -22 -26 -11 -7 16 10 -5 -1 0 20 -29 -20 -40 -1 -8 -34 -3 0 20 -11 -22 0 -18 -22 -27 1 32 -24 -14 -22 1 8 -14 -9 7 29 -32 9 -21 -29 -7 36 4 24]
Round 58| RHF : 1.01288B[0] norm : 178.449
B[0] : [-1 7 7 -24 -12 -6 10 10 -14 -8 -8 2 12 18 1 -19 0 9 -5 24 15 -26 5 7 -3 -1 1 -10 24 11 -4 15 13 16 17 4 -2 36 40 -19 -8 -15 -48 -3 11 0 -20 13 18 9 0 -12 -3 -2 -4 -8 1 30 -3 31 -7 9 18 3 -19 7 -7 12 17 26 -17 -4 -17 12 17 -2 -8 -10 -10 -14 -22 -4 -26 10 5 -15 26 15 17 -5 -13 3 -34 -24 -35 9 34 6 7 -11 -23 31 -1 -6 9 3 -17 -36 -15 4 -4 -30 6 4 2 -3 -23 14 -1 5 15 3 16 7 2 -4 -16 10 -2 7 -8 9]
Round 59| RHF : 1.01267B[0] norm : 183.986
B[0] : [4 -5 -25 -17 3 -26 15 -33 1 -20 1 -13 47 17 -33 7 6 -13 7 -7 5 -2 18 -1 -17 -2 -9 17 0 -12 4 -3 7 -1 6 11 5 -9 7 -8 9 -8 2 20 -4 -16 -12 6 -10 -6 11 25 18 17 -15 -8 30 29 -3 -10 -20 10 8 -1 20 0 -13 20 1 4 -13 -6 9 -37 -15 -1 5 9 17 -15 -18 -12 1 -17 12 16 -33 -22 -14 1 6 -8 33 -4 -11 10 -37 -5 -14 -8 -25 -35 14 17 12 7 -7 17 -14 19 -6 24 15 15 13 21 22 -2 -18 -25 -1 -7 14 2 30 35 -6 -16 26 -13 0 -6]
Round 60| RHF : 1.01238B[0] norm : 176.088
B[0] : [12 21 11 20 -18 -2 15 0 -9 20 18 -22 7 8 -14 -17 -12 13 2 -4 -4 26 2 1 1 -2 -1 -21 13 -13 23 -28 -12 23 -12 1 7 -9 -19 -9 -7 10 1 11 -9 7 4 5 -18 30 -21 4 -17 7 21 -5 8 -4 -1 17 -17 -17 -2 11 -6 7 -17 14 -3 -4 -17 17 -14 -7 11 -12 9 -4 7 -31 -17 11 -13 -9 -12 -9 22 8 -29 12 -4 -51 1 -14 -2 17 0 27 -27 -29 26 -1 0 11 -14 32 36 -1 19 6 -4 14 -22 1 -3 -1 -1 21 18 -10 -9 -17 -30 5 -11 -7 15 10 27 -20 2 11]
Round 61| RHF : 1.01195B[0] norm : 191.909
B[0] : [-2 12 -18 -14 -27 -11 47 22 25 -4 7 -5 13 0 16 -21 2 39 -24 -12 -19 -26 3 -14 10 1 9 4 -14 -10 47 -9 4 -19 -19 -4 19 -14 -12 18 -2 -20 2 -21 29 -5 0 10 23 12 33 -14 2 14 0 -3 5 2 -8 6 23 2 -19 40 -7 -8 28 14 39 1 2 9 14 1 1 4 20 6 -20 8 4 9 16 3 12 8 -42 -23 -18 -3 -19 2 -3 -5 19 -15 -4 15 8 6 11 -4 -28 14 -27 -15 24 30 -7 -18 8 -9 -22 6 -21 -7 -4 5 11 -14 -3 7 -6 -15 -12 0 -14 2 11 36 22 -7]
Round 62| RHF : 1.01228B[0] norm : 193.966
B[0] : [-3 6 -4 -2 0 -3 -22 7 29 2 -41 -26 0 -17 20 31 3 14 -7 18 -26 -17 -20 -22 -12 17 32 -18 -10 4 -28 8 -24 27 -20 -20 -15 -11 8 -12 8 -29 16 -34 -26 15 11 15 6 24 19 15 -26 16 -14 17 8 13 -22 -9 7 14 0 -11 1 -37 -8 23 8 16 2 -7 19 8 -5 24 3 -17 -13 -4 14 9 -19 14 14 -8 -4 -13 7 8 -7 20 20 -10 -11 -11 7 27 0 -20 28 4 12 -6 -16 30 -6 8 -18 -30 7 -39 -1 -7 -2 -3 -22 -3 -2 8 7 0 31 -34 9 -10 -16 0 -15 -18 17 -17]
Round 63| RHF : 1.01136B[0] norm : 169.885
B[0] : [-15 2 0 -10 3 -20 4 41 11 -8 36 -14 15 -3 -12 -6 -2 -17 -15 -4 -9 27 17 -7 11 -13 -28 -15 -12 -1 8 10 12 -10 0 15 -18 -20 -24 -1 -5 7 -8 -3 -2 -6 -2 20 1 35 -21 19 10 -21 -9 19 1 10 -3 19 10 14 -19 2 25 24 7 5 -17 5 -3 -8 17 -5 22 -10 -19 4 -4 -3 -5 -4 -14 15 -23 -7 18 -7 11 35 -8 -2 7 21 -24 6 12 -18 -2 5 -8 22 -2 -5 6 24 15 -7 3 6 -17 -9 -11 25 10 -17 0 26 -11 20 -20 17 7 5 1 24 16 27 -7 -12 -19 -8]
Round 64| RHF : 1.0127B[0] norm : 181.948
B[0] : [9 -14 7 23 -22 16 14 0 -24 -4 -5 -3 2 8 -10 -35 9 -37 25 -10 14 -13 -6 -13 9 19 6 -7 1 16 22 20 -29 11 -5 -21 7 -25 -9 2 -14 9 -1 -5 -16 -7 -3 -3 -1 -13 5 2 -22 8 -16 -11 -14 6 5 -3 31 -3 17 38 -13 17 -4 -4 -15 22 -27 3 -4 -24 -14 -12 15 23 -1 -1 -15 10 -35 -3 9 -7 -6 10 -11 22 15 5 -23 1 -10 12 -14 -10 3 35 -7 -7 -14 -36 -18 0 6 27 13 -29 -9 12 18 2 13 -4 8 39 31 -16 -1 -7 14 28 -5 14 -16 2 25 -1 1 0]
Round 65| RHF : 1.01137B[0] norm : 177.525
B[0] : [-9 -38 1 -7 23 -5 4 19 16 -18 0 -32 -31 22 -15 -17 -22 -9 1 -5 -13 -7 -11 15 31 -16 1 -16 19 24 -21 6 10 -33 15 14 12 12 6 23 -5 -14 17 23 -11 10 -7 32 -8 -28 0 -10 -20 -6 -8 -16 4 9 -3 24 6 -17 -11 -10 18 3 6 5 12 -13 10 -15 -5 -5 14 -7 2 -15 -31 11 22 -20 9 -8 -8 5 -40 -5 9 13 -1 27 -3 4 0 3 -10 -5 -31 3 1 8 -6 -8 -26 0 7 1 -4 8 0 34 12 16 1 -18 0 8 -31 -7 -25 1 8 -14 6 20 -20 8 3 -12 -8 16]
Round 66| RHF : 1.01251B[0] norm : 190.903
B[0] : [34 28 38 6 16 -15 -1 7 1 -16 -29 13 -15 -4 3 10 23 -1 -12 -15 1 -8 11 21 -6 -19 3 17 -26 -34 26 8 -26 26 8 -19 13 4 -16 2 14 4 -15 11 -20 10 -32 25 19 -8 2 -16 -16 16 28 -24 -7 3 -16 -18 30 22 10 4 -16 27 -2 -1 -5 -1 -23 -6 12 -2 18 15 -20 25 -12 -4 15 12 -15 12 -28 -22 -6 10 -20 1 11 33 28 9 -14 18 -26 28 30 15 4 7 11 -16 -11 -24 7 -29 -16 2 0 7 -4 4 16 19 2 -7 -9 -11 -6 -11 -5 13 -2 3 28 7 20 -13 -12 11]
Round 67| RHF : 1.01253B[0] norm : 190.16
B[0] : [3 -4 12 15 13 20 -1 13 -43 18 3 2 -16 -10 -31 -18 -7 -6 1 -41 24 0 -7 3 -21 8 8 -11 12 -6 14 7 -7 23 9 24 -4 11 13 16 -13 -23 -20 16 3 -5 3 -30 11 9 18 4 -4 19 -26 -2 17 -7 11 -3 16 -9 -19 18 1 -16 -21 -24 -8 1 21 -11 4 -6 7 -23 8 -10 -3 -36 1 29 2 4 -1 -16 26 0 9 3 -2 2 32 -13 -25 21 -14 14 -1 21 9 -18 -6 26 -35 -9 -7 23 14 -15 17 15 21 19 -1 17 -5 25 1 24 -7 -15 13 4 3 23 -15 -42 23 -39 12 9]
Round 68| RHF : 1.01325B[0] norm : 186.427
B[0] : [3 23 37 -4 -21 7 -21 8 10 15 -13 11 -13 8 14 22 -8 16 10 23 -2 22 -10 20 -2 4 7 0 3 14 5 3 3 -6 -7 11 9 -22 -21 27 9 -18 -1 28 -13 -8 1 14 -11 -33 4 10 23 -8 9 28 17 22 0 -5 -40 3 2 -21 -32 -29 16 2 8 -2 -13 22 -2 -8 -16 -5 -8 8 -8 13 -4 -7 5 -10 1 -12 38 -22 16 -3 -28 22 -7 -31 -30 -25 -29 -12 -28 15 2 11 -21 13 17 4 13 28 -6 -2 -23 0 -4 -1 -15 -3 -6 22 -4 -10 4 -11 -2 14 -19 -3 -34 -6 14 18 -25 22]
Round 69| RHF : 1.01219B[0] norm : 180.339
B[0] : [36 8 -8 -12 3 23 6 9 -9 -15 5 -17 1 36 -3 -28 -17 -24 -10 21 -8 -12 11 9 6 -6 15 -25 3 13 4 -35 12 4 21 22 10 -12 11 35 -3 -27 5 -5 -9 -19 3 -8 -9 -8 16 -10 -19 28 -10 -7 33 -9 1 -3 38 13 -10 -1 -6 -1 26 -27 12 5 -13 26 14 -10 -10 26 -18 -30 -7 -13 5 26 13 -16 5 6 14 -32 -4 10 -9 14 -7 11 -14 4 -23 18 1 12 -2 -1 32 -2 2 -3 -2 -11 -25 24 -14 9 -9 29 21 18 10 -8 2 1 4 12 -15 -14 -4 3 -2 -3 3 21 5 4]
Round 70| RHF : 1.01204B[0] norm : 185.373
B[0] : [-12 26 4 -27 -9 2 -4 19 -2 22 16 0 -6 -10 6 25 2 -14 5 -14 -19 19 14 23 25 -4 6 9 33 -4 7 22 11 -12 -13 -7 0 -6 38 -12 -6 15 11 29 -5 9 -11 -10 9 9 6 -12 -16 8 27 -2 0 -5 28 -9 -10 31 3 18 -13 5 -8 -9 12 -1 0 9 4 -5 -5 12 16 5 2 4 8 26 -11 -32 21 -8 -12 10 8 23 -29 -20 3 5 0 -1 12 -29 -14 1 -28 22 -28 30 25 36 15 5 -25 12 4 14 -3 32 0 24 -9 13 -19 -14 -2 33 33 -10 -6 -21 7 -25 -14 -2 -5 -16]
Round 71| RHF : 1.0118B[0] norm : 176.98
B[0] : [2 16 9 -4 -25 21 -4 22 0 16 0 -19 6 -38 -20 -11 16 -17 9 -2 -4 14 -9 5 8 -13 -17 -20 10 -2 -9 22 9 -39 -16 -1 -7 -4 5 4 -10 0 -7 -26 4 -3 10 -2 -13 -36 -1 12 -11 3 -1 -26 9 17 -4 3 -14 -12 56 21 -1 19 -25 -3 -13 -2 -8 -16 15 -17 -33 -26 9 1 -15 -18 10 2 17 -4 -1 -16 1 -19 -6 12 -5 1 -16 -8 20 32 -8 -14 3 6 9 25 4 0 26 -8 13 10 -11 2 -23 14 -3 -12 9 -4 16 -20 14 -3 -8 -9 -12 0 -36 3 -17 4 -29 -4 -8 20]
Round 72| RHF : 1.01194B[0] norm : 174.284
B[0] : [7 7 -7 -26 -18 2 -9 20 5 23 14 -9 4 34 32 1 13 -13 23 -18 4 -11 5 27 -9 15 -14 1 1 -5 -7 43 -32 -7 -28 15 0 7 -28 12 -13 -1 -10 29 -21 1 5 -20 11 -5 5 -11 12 8 5 0 24 11 14 -4 -4 -22 1 -11 -6 -20 14 -10 3 -10 5 13 -9 -29 -5 6 -7 5 27 -4 2 -16 0 -1 3 3 12 17 21 -5 -5 -4 0 0 -29 -6 3 -14 23 6 -4 5 -13 0 16 2 1 13 -31 -20 22 -5 -21 14 -7 -21 19 1 -10 -3 -19 9 6 -27 29 -8 29 0 -6 1 -4 -36]
Round 73| RHF : 1.01128B[0] norm : 174.954
B[0] : [-15 -27 4 6 -24 10 -3 -25 -1 -24 -1 17 42 12 -3 -12 17 -1 13 19 10 7 -29 10 20 -19 27 -13 16 -4 3 16 -17 15 -5 9 -41 4 22 -30 -18 8 -12 0 -20 12 -9 -18 -7 15 -21 6 -9 36 -1 3 -4 -1 -8 -11 6 -11 8 1 -27 -2 31 25 13 -12 32 23 21 8 -4 -13 4 19 -4 -13 -3 -6 4 3 8 18 1 -20 6 21 -4 10 -7 -5 22 0 -14 13 -7 -6 0 14 -11 -5 12 24 0 2 -25 13 12 11 -15 0 15 -6 -17 3 7 7 16 20 -9 -25 4 -4 -22 1 -2 -20 -2 -18]
Round 74| RHF : 1.01155B[0] norm : 184.54
B[0] : [7 -1 -27 -14 -14 1 22 -2 -9 24 17 -13 14 17 -9 -16 14 14 -5 -42 19 9 21 -10 -10 -9 9 -17 7 -7 25 -5 13 13 15 16 2 -20 -7 20 12 14 6 19 7 17 12 9 -1 -5 -20 -29 -4 -29 -9 -18 -24 -30 -15 -13 7 34 -21 -12 -22 2 -5 17 2 -18 31 12 -15 3 -20 -2 11 -2 -25 -4 -16 -14 -7 1 1 -12 23 -6 -20 6 -14 11 9 -11 12 -1 6 6 -19 -4 -25 4 -4 36 -11 -5 -9 -6 -24 24 -5 4 4 28 -3 17 -3 -6 8 -10 28 -4 -26 17 21 -10 -41 -9 -13 -16 -21 -28]
Round 75| RHF : 1.01075B[0] norm : 174.39
B[0] : [-8 -15 12 18 0 -3 13 0 -4 -3 -7 19 0 -22 -12 -23 -4 27 14 -8 -6 11 -16 -3 16 -27 -6 -8 -1 11 -4 29 16 16 5 15 3 5 16 -1 5 -12 33 -6 -7 9 19 4 3 -2 13 -5 18 18 -14 -21 6 -21 17 -35 -5 -17 9 -6 -28 6 -14 -9 19 10 5 24 -10 1 -5 -13 -11 -47 -4 -4 2 -3 6 -17 9 30 -8 -3 -15 -9 0 28 -9 7 -24 10 -4 -5 11 -10 23 -2 -24 -5 18 12 13 12 -35 -9 -15 42 6 0 4 0 9 -24 7 -30 21 -17 -23 7 18 0 -13 -21 11 2 0 -5]
Round 76| RHF : 1.01205B[0] norm : 186.344
B[0] : [-1 -8 -13 -34 -8 -5 1 14 -3 -8 4 -14 1 -9 -12 -10 2 -3 -5 -6 13 -10 20 -12 16 -5 19 -10 -3 10 -4 12 14 6 7 26 -21 1 -38 -1 9 23 38 -4 6 2 0 -48 5 -41 -16 19 -20 -15 -20 14 -4 -9 -7 18 10 2 36 9 18 -2 7 -8 -6 30 18 -11 1 7 -12 34 -2 1 12 31 20 -1 -22 7 7 -9 -1 1 0 -17 -19 18 -23 -18 -17 -6 -17 -11 23 1 3 0 41 15 -22 10 -28 20 19 -14 12 -9 -5 16 -14 21 5 -21 -26 -8 12 14 -19 -16 28 25 -6 7 10 -9 -11 2]
Round 77| RHF : 1.01251B[0] norm : 195.568
B[0] : [-13 16 19 -12 2 13 14 18 43 -8 2 -6 16 7 8 -15 -3 2 23 -9 -12 1 6 0 0 14 -6 35 6 6 -35 7 -16 -21 23 10 0 29 -15 26 4 -9 17 30 26 -13 -11 -13 -5 5 -22 39 28 -9 -5 -5 2 26 -4 -35 -4 -6 -4 5 11 -17 -20 -19 -7 4 4 2 -4 -24 11 5 -10 -6 -16 -2 -7 5 17 15 37 12 -1 5 -16 36 26 16 21 6 -30 -17 28 12 -19 -10 6 -14 17 13 -31 -3 2 -2 3 15 3 -10 -9 -4 10 14 3 16 31 -20 -9 -26 -33 -44 -9 -6 -2 5 17 31 27 2]
Round 78| RHF : 1.0119B[0] norm : 188.555
B[0] : [-23 9 0 -2 -21 4 -5 -8 8 -12 26 29 4 -1 -2 -14 -14 -11 -9 31 -35 -5 -15 20 3 -26 -18 5 7 -5 3 -26 -16 3 31 0 3 -3 14 -8 -15 2 15 -24 -30 29 11 13 11 4 -34 -16 -25 3 -12 13 14 21 -2 1 -12 -31 5 2 17 -3 3 -12 9 -7 -10 -18 11 -18 -3 0 -21 -9 -19 1 19 -14 9 27 3 -20 2 32 -8 -22 9 7 -21 -30 2 39 -12 8 18 -20 2 -3 20 -15 21 14 -26 -12 -5 25 6 12 -45 37 -7 18 2 9 29 12 2 -12 -13 5 2 11 -3 10 -9 -14 -5 18]
Round 79| RHF : 1.01202B[0] norm : 174.422
B[0] : [13 -7 17 19 -13 -4 -10 8 -14 15 14 6 17 -1 -1 -2 -13 19 -9 9 -26 15 -27 13 10 -13 -12 -12 3 13 -13 -5 13 2 -15 -1 -29 -11 1 12 7 -17 -22 9 -5 -29 7 2 -8 0 16 -17 -25 -14 5 -34 8 1 4 13 6 -15 0 2 14 3 -5 8 -12 12 -21 2 28 -18 8 30 24 -6 -2 -25 13 14 30 -4 -10 -11 -13 1 -8 -1 25 27 14 -13 3 17 -9 20 -3 -10 -4 25 9 18 -15 7 19 -20 -5 -14 18 17 -18 -27 33 -33 10 -4 5 22 -16 -4 -11 35 -10 -4 6 -15 -17 -2 25 -4]
Round 80| RHF : 1.0116B[0] norm : 178.261
B[0] : [11 26 -4 6 -5 18 -39 22 -1 -18 6 -1 17 10 15 -8 -1 -12 24 -30 12 10 16 -4 -22 13 -31 9 -1 10 -24 -2 18 1 -11 5 -7 -6 -13 -2 -19 -7 -20 -11 -6 5 -18 -9 14 -20 -8 1 11 -1 22 -19 5 7 -8 -26 -19 -31 -5 19 4 15 -2 14 -7 -4 1 -3 -22 12 -1 -15 -20 -5 38 -10 -28 21 -1 -11 2 -14 8 12 22 12 1 1 -8 15 21 -2 -24 20 -1 0 -15 -1 18 3 -4 -5 13 24 3 13 23 -1 29 -17 -37 -4 -17 -3 -7 4 7 7 12 -4 -52 7 10 13 -19 -11 19 16]
Round 81| RHF : 1.01212B[0] norm : 175.462
B[0] : [13 6 -22 -7 -9 17 32 19 0 10 6 -6 4 4 0 -5 40 9 -24 -7 15 24 6 35 -11 -16 12 -5 0 1 7 -16 -22 24 -2 20 23 2 -7 -3 -4 -6 -10 0 33 -3 -3 11 -1 8 -14 15 -22 9 8 4 21 12 16 2 -23 -6 9 -10 11 20 -2 13 11 12 -1 -22 33 11 -37 14 35 -3 17 9 -4 -16 12 5 25 -6 -5 17 -10 -3 -11 -14 -30 -4 -12 -9 -11 16 14 -14 5 -7 -11 3 -11 -21 -15 -2 7 -16 -13 17 -7 29 24 -9 22 -6 19 -29 -7 -12 -24 -1 -5 7 8 10 -11 26 -16 -5]
Round 82| RHF : 1.01233B[0] norm : 180.693
B[0] : [14 3 -18 0 11 -6 -7 14 -3 0 -8 6 -11 5 -21 -14 -3 6 -35 13 18 6 -3 14 14 -8 0 28 -18 24 -12 -17 18 -19 -4 -15 -16 40 -15 2 -13 16 -6 17 6 -3 -13 -11 25 2 -11 28 -20 -2 -10 -5 -16 -22 -10 -33 -10 10 -24 20 -18 -9 3 -8 25 9 -6 5 -11 18 -4 -15 -5 2 17 21 -41 11 0 9 6 26 -4 -5 0 -10 5 14 13 -1 -2 3 4 22 -4 -1 13 22 -19 -13 30 16 33 -24 -34 -2 6 8 -15 -4 -9 -5 28 5 -6 4 -19 32 -22 -18 6 -12 -14 18 -12 14 -31 13]
Round 83| RHF : 1.0116B[0] norm : 175.419
B[0] : [11 7 -19 14 -11 -8 10 -7 18 1 -6 -7 -3 -23 -10 22 -17 16 23 -13 -4 28 10 -20 9 -3 33 10 -38 17 -31 12 -5 1 16 22 -12 3 -36 -8 8 -15 13 -19 23 -12 30 7 21 -18 -30 7 -9 -9 -6 33 -5 -4 -8 -2 3 19 -22 15 -29 -11 -18 -17 2 -1 -14 24 -1 -12 0 -7 -22 -12 10 14 -12 -13 2 -9 -16 8 24 -12 9 27 22 -6 21 -14 -4 -2 -7 18 -1 19 13 17 3 -7 -4 9 -10 11 4 -3 20 4 16 22 7 -26 -4 18 8 -10 6 -13 18 1 -12 5 -7 23 0 11 -17 -7]
Round 84| RHF : 1.01216B[0] norm : 179.075
B[0] : [-4 17 -3 -10 -6 -19 9 -6 18 -8 19 -20 -6 -13 -8 -9 18 -6 35 16 22 -22 -29 2 -28 2 -34 13 31 5 31 -17 15 9 13 -12 24 18 22 0 -9 28 1 -5 9 5 2 -5 -10 -2 2 -16 -11 15 0 1 -7 14 1 -8 -16 -34 9 18 21 -12 -16 9 -16 2 19 23 6 -5 5 27 23 15 -15 16 3 20 -2 -5 -34 -7 6 4 13 6 -14 7 19 -35 3 10 3 -17 34 1 10 11 3 -22 6 9 5 -26 14 10 -3 1 7 -41 18 22 -3 0 18 3 20 1 7 24 9 5 -8 13 -1 -13 -10 1]
Round 85| RHF : 1.01146B[0] norm : 175.832
B[0] : [-19 0 23 -8 1 -13 -4 -8 1 6 -8 -12 -11 17 -3 19 11 25 -16 -8 12 15 -7 4 -14 -5 33 -8 -11 -2 25 -6 14 -10 -12 4 -2 -11 2 11 4 4 21 -14 -7 -3 2 -11 5 -3 1 22 -20 2 4 -7 25 -7 -16 3 -15 6 20 26 6 -21 -3 -12 26 -10 7 25 14 38 2 -26 0 -12 -25 -16 -28 13 28 5 -2 -17 3 -11 2 -15 -27 -14 15 -9 23 19 -21 7 -19 -4 2 10 -27 3 -7 -9 34 -15 7 24 -4 16 0 -28 31 14 33 -32 5 -14 26 0 -15 8 -16 13 -12 13 3 6 9 -5]
Round 86| RHF : 1.01326B[0] norm : 187.96
B[0] : [15 6 1 14 -15 12 -29 -13 3 -21 -10 10 4 21 -12 10 -18 7 4 -11 -2 -26 19 4 0 28 4 -13 -18 5 3 0 2 8 -26 0 10 -2 17 -10 20 -11 10 -2 -19 14 7 -12 -1 -16 44 10 13 -5 -14 26 9 8 1 11 1 -21 -6 3 6 55 9 19 -3 -5 -8 -1 7 17 -36 3 -14 5 -21 -11 28 25 -1 6 -27 2 -11 0 13 -23 13 14 -42 14 15 13 -3 5 3 -15 -19 -25 -27 -3 4 -20 55 3 -6 7 -9 8 -8 17 2 10 -23 -6 -4 33 -3 2 14 7 -8 -1 3 12 -3 -16 -46 -11]
Round 87| RHF : 1.01237B[0] norm : 181.92
B[0] : [11 6 29 19 -29 -21 -21 5 -3 -7 -17 -3 -16 -16 3 25 4 8 -21 -10 -3 2 -27 23 -2 7 -14 4 13 -8 3 10 9 12 3 -7 -2 7 24 7 4 7 -16 -9 -13 -10 -6 -10 29 10 7 -4 4 27 23 -15 -8 -1 21 8 21 -1 10 23 -10 21 5 -26 -3 4 -14 7 14 34 5 8 2 -20 21 -31 -10 -24 -17 2 3 -15 40 9 5 18 -8 24 11 27 2 19 19 -15 11 13 1 31 8 16 -1 2 -23 -15 5 -14 -29 -18 0 5 -3 10 3 8 7 -24 -8 -13 35 22 -10 32 14 -26 -25 20 -8 8]
Round 88| RHF : 1.01115B[0] norm : 170.617
B[0] : [4 0 -4 -20 -8 -19 7 -23 -7 -9 15 -17 -15 -13 -4 33 -2 -22 14 12 -5 -25 -2 -11 -6 -5 -7 -3 1 0 -12 0 5 21 -2 -19 14 -27 -8 -7 -2 -11 -8 0 10 11 -18 4 5 3 12 22 -21 26 2 -15 20 5 25 2 29 -7 -22 14 21 -8 -1 7 -9 0 -4 17 14 -29 -1 7 -26 -29 -24 -35 9 22 16 -5 -14 -18 15 8 -3 12 41 -10 17 7 -2 0 13 -6 9 11 28 -8 3 -25 2 17 13 -8 3 21 0 26 -11 13 -24 17 2 0 0 15 -27 -15 -19 -5 11 21 12 -6 -6 -7 -6 3]
Round 89| RHF : 1.01291B[0] norm : 185.723
B[0] : [33 -3 -19 14 -11 11 20 30 10 23 -14 8 12 -3 0 -11 20 11 15 11 8 -8 -3 -18 -10 -11 -18 -16 5 17 -21 -32 -39 0 -10 -12 -23 1 13 11 7 -1 -4 -7 -12 0 -25 -2 -7 10 40 14 16 -2 -9 -17 -4 18 17 -11 -18 17 -13 -14 -17 4 38 5 20 6 14 13 -7 -17 -5 32 4 -3 0 -2 -14 18 -3 14 23 -8 -14 -2 4 -7 -3 -1 7 21 26 13 -2 36 18 20 5 -24 6 25 29 3 -3 2 -21 -8 -7 7 23 15 6 16 -18 -22 6 34 3 -18 -22 -16 10 7 6 14 -35 26 -4 19]
Round 90| RHF : 1.01165B[0] norm : 182.516
B[0] : [-29 7 15 4 -4 0 -2 14 7 -18 18 3 -3 13 32 6 19 -11 7 5 0 6 -21 10 -5 0 -8 -13 -23 13 -27 2 8 11 27 17 -14 5 -15 -14 9 10 -26 4 -1 0 -12 19 28 -33 -24 -8 -2 5 6 14 -14 -7 11 2 14 -4 -20 31 5 21 -3 4 6 -3 12 25 19 -15 14 -25 -19 24 -32 31 -11 -3 16 10 -1 11 4 12 19 -24 4 13 -10 -7 -22 4 30 -27 -37 11 30 -3 11 8 14 15 -6 -3 11 17 -16 3 24 -13 24 -1 -12 19 21 -8 0 21 0 30 27 13 -19 -6 9 3 -23 12]
Round 91| RHF : 1.01355B[0] norm : 194.448
B[0] : [-9 16 14 -12 -9 9 -6 -16 7 -56 33 -26 1 -11 -2 2 22 -16 18 33 1 1 4 -35 -3 17 -23 11 -9 9 5 -1 27 -3 -8 19 -23 -13 8 4 -6 -15 -25 7 -29 -5 6 15 2 -6 -26 5 -2 -13 1 14 -15 12 -36 -3 -3 3 1 -6 2 -9 -14 -21 -1 32 -4 17 -21 17 -32 10 12 24 -6 -40 23 -8 -39 -14 -18 -15 2 -31 -9 9 16 -18 -8 0 -1 5 10 5 8 -19 -9 12 17 18 -27 7 9 17 22 40 5 4 -9 32 18 -3 -18 -8 13 -24 -4 -7 -21 -4 -31 1 2 3 -22 2 5 -8]
Round 92| RHF : 1.01314B[0] norm : 182.85
B[0] : [-1 -10 21 -24 -35 26 -10 -7 -3 7 1 14 -23 -7 -18 8 8 -11 -12 -4 -9 9 -24 -14 -17 -16 -24 9 26 -11 -2 17 10 13 -9 11 -5 -9 11 28 10 -4 1 0 1 -1 -3 6 -1 -2 9 2 12 14 14 -16 6 -18 -26 7 3 5 -11 8 20 16 -18 -33 -1 22 14 -35 6 27 -12 25 -8 26 18 -4 6 -9 14 25 6 19 2 -8 -2 -29 7 7 11 -15 -15 16 -8 -15 -26 19 -2 5 -4 11 -4 -11 25 -19 -6 -18 -23 -1 27 1 -42 11 -18 39 -24 -4 9 26 5 -1 -18 -8 -4 18 -19 -13 29 -21]
Round 93| RHF : 1.01228B[0] norm : 171.814
B[0] : [17 -4 -5 -11 2 -1 18 -1 -1 15 4 -24 -18 18 -3 -12 -5 2 -4 20 -12 22 -10 -3 12 0 8 -27 6 7 -13 0 -15 -13 26 0 -8 -7 6 0 6 37 16 13 36 -16 -10 0 -17 -13 8 1 4 -7 -1 4 -20 17 23 33 11 2 -3 -2 -23 -13 1 3 -9 -4 25 26 -1 24 12 -14 -1 14 1 -16 -4 8 13 -16 11 -7 0 2 19 4 4 -3 -15 -9 -4 -23 31 -8 -3 29 7 26 -4 -6 17 -24 19 -7 42 20 -6 0 9 -22 17 -23 -1 -4 1 30 -3 -14 -6 -12 4 -3 -1 31 23 0 -23 -27]
Round 94| RHF : 1.01142B[0] norm : 180.862
B[0] : [31 8 11 26 -19 -10 3 27 -10 6 -8 -21 -1 26 -10 -11 -10 13 -10 -8 4 -17 9 -24 3 20 19 -11 1 11 -9 12 -15 5 9 -7 -18 23 -8 -21 -25 -2 1 10 -9 5 11 14 -16 8 8 25 -8 -10 13 14 23 17 23 1 -15 3 -11 34 19 -21 -15 12 10 -15 2 -4 -15 27 5 19 38 20 -5 13 -6 38 -11 4 2 9 16 16 26 -4 -10 -5 38 -27 22 11 -21 12 -11 -23 -10 -7 14 -3 28 24 10 -3 15 12 3 -5 6 5 -5 4 13 -6 9 -18 34 1 -9 4 -5 31 -18 17 16 0 -7 14]
Round 95| RHF : 1.01186B[0] norm : 180.903
B[0] : [-27 15 -11 -8 -20 -33 -17 -2 7 2 10 -26 -5 6 3 -5 3 -14 26 21 0 -14 -14 -2 6 -10 5 19 22 19 -16 -15 -22 -14 -18 -7 14 -3 26 -17 -2 25 3 -8 9 -5 -5 0 33 9 0 -24 -18 -17 28 -11 20 -5 14 33 -22 5 -16 3 19 -34 -21 21 -13 -5 -16 -21 7 -21 -10 -17 -4 20 -15 9 7 17 -6 -6 -24 -28 14 -3 20 3 -4 -7 -14 -24 -20 -2 7 10 -3 7 1 2 -30 -1 5 29 -32 -4 5 6 10 5 17 -9 10 4 8 3 16 12 -3 -2 8 27 -8 -6 -6 -18 22 -9 -44 -8]
Round 96| RHF : 1.01279B[0] norm : 190.071
B[0] : [1 20 -37 -16 -4 4 -3 2 11 11 -3 -6 8 -22 -27 6 -9 2 -4 -8 4 -6 -15 15 22 -2 -16 -14 4 -8 -3 30 -5 -8 -36 -12 18 21 -25 5 9 -30 -24 -30 4 0 -7 14 -31 7 -25 8 0 23 -12 2 -15 -25 43 26 0 -11 21 23 -16 -7 -1 6 -18 -17 35 -7 -16 21 -8 -11 15 -3 -8 -16 11 11 -22 -4 3 7 -13 3 -12 3 12 -30 7 39 -13 3 0 -42 38 -16 -4 -1 -6 -26 -2 5 -19 24 35 -15 -15 -9 12 -3 30 16 -5 1 7 -8 -1 4 7 -18 3 17 8 -20 2 7 -2 14]
Round 97| RHF : 1.01107B[0] norm : 178.768
B[0] : [-5 5 28 -3 5 13 -23 18 -2 14 11 3 -4 -15 -10 -25 -1 11 8 -15 -21 -17 2 -4 -3 -28 -12 -2 -25 4 9 11 53 3 4 -1 -12 -13 37 -7 -8 0 14 16 24 5 -16 9 0 3 -6 16 -17 -6 -17 -10 -20 27 11 6 -25 -9 8 -13 -34 1 28 -22 11 -2 14 3 3 -11 4 7 25 14 -17 9 12 -3 9 -22 7 -3 19 17 30 2 -12 -1 -6 0 -3 32 -26 -12 -24 -4 -14 1 -1 18 12 5 9 -2 -6 7 -18 -27 7 -27 -14 -16 12 2 -3 6 3 -11 -37 -22 -10 -18 -2 28 24 5 9 -16]
Round 98| RHF : 1.01277B[0] norm : 188.669
B[0] : [12 2 16 0 -5 19 -6 -15 -20 19 2 -9 16 5 0 -10 1 11 -42 -36 -2 -17 -4 -10 -22 -14 6 -12 -8 0 5 10 3 -13 18 -1 -43 10 -7 16 -36 -3 -5 -4 -9 -1 5 18 -21 21 1 -5 -4 1 -22 8 -19 -23 2 8 0 20 2 7 -24 -17 -15 -3 -4 -6 11 4 9 8 24 -1 1 -11 24 1 14 -7 5 -32 12 -13 -18 28 -8 -11 14 -3 -26 4 16 -25 -13 -3 43 -4 16 5 -10 1 -5 -28 -10 -13 19 7 -41 5 0 -32 -15 -6 24 42 24 15 -3 -12 -23 1 14 -7 20 31 11 21 -4 31]
Round 99| RHF : 1.01187B[0] norm : 183.905
B[0] : [13 -6 -25 2 -8 4 17 16 -25 -4 4 -11 0 16 -13 25 -1 -3 -12 3 -30 2 21 11 3 10 -9 -28 7 -17 -14 -14 -18 -2 -13 -21 9 8 17 -4 16 -9 14 -13 30 -2 1 -5 18 1 23 -21 -32 -27 -36 13 6 5 -17 23 -9 -11 29 4 -47 -7 14 -25 -16 16 7 -25 -2 16 -6 26 -32 14 13 14 -22 10 18 -8 -2 -1 0 9 5 12 -8 21 -7 10 -4 -38 -6 2 15 -2 -1 9 -9 5 -2 5 0 23 -13 11 25 -31 -18 22 -11 -2 4 27 10 -10 -28 -21 -14 7 -9 23 -17 7 -12 -2 -6 -14]
Round 100| RHF : 1.0127B[0] norm : 178.706
B[0] : [-17 1 -20 -9 9 9 -14 -8 1 -23 14 21 0 0 6 -14 -12 17 8 6 16 6 26 -14 13 -16 -26 5 17 4 -2 -4 -29 -11 5 26 -15 -11 -10 -1 -24 -13 -7 17 1 -10 -6 -26 15 20 -6 -23 -21 -3 -4 -21 -13 -16 1 5 -13 -15 11 -12 3 -3 -15 39 -4 30 -7 -6 10 -2 4 1 -3 10 -17 16 1 20 17 19 23 -33 -8 -27 29 22 25 6 1 12 26 0 7 30 2 3 25 -10 8 -12 -22 4 -12 20 2 -26 -30 -20 -7 9 25 4 7 -5 -23 -30 -18 21 1 13 6 21 -20 -11 6 2 2 -2]
